name,count,manual match
merck sharp & dohme corp.,1357,merck co
hoffmann-la roche,621,roche par
boehringer ingelheim,584,
"genentech, inc.",501,roche par
shire,232,takeda
forest laboratories,190,allergan
"millennium pharmaceuticals, inc.",169,takeda
"merck kgaa, darmstadt, germany",155,merck co
"sanofi pasteur, a sanofi company",155,sanofi
celgene,152,bristol myers squibb
teva pharmaceuticals usa,148,teva adr
celgene corporation,143,bristol myers squibb
"janssen research & development, llc",142,johnson johnson
"genzyme, a sanofi company",140,sanofi
"johnson & johnson vision care, inc.",128,johnson johnson
novartis vaccines,124,novartis
abbott,124,abbott laboratories
medimmune llc,116,astrazeneca
wyeth is now a wholly owned subsidiary of pfizer,106,pfizer
abbott medical devices,101,abbott laboratories
"bausch health americas, inc.",91,bausch
"otsuka pharmaceutical development & commercialization, inc.",89,otsuka
ferring pharmaceuticals,87,
"otsuka pharmaceutical co., ltd.",85,otsuka
sunovion,81,dainippon sumitomo
"johnson & johnson pharmaceutical research & development, l.l.c.",80,johnson johnson
bausch & lomb incorporated,80,bausch
bial - portela c s.a.,76,
"abbvie (prior sponsor, abbott)",72,abbvie
mitsubishi tanabe pharma corporation,70,mitsubishi chemical
viiv healthcare,70,glaxosmithkline
vertex pharmaceuticals incorporated,69,vertex
ge healthcare,68,general electric
"coopervision, inc.",65,
medtronic cardiac rhythm and heart failure,64,medtronic
emd serono,64,merck co
cephalon,62,teva adr
"teva branded pharmaceutical products, r&d inc.",61,teva adr
medtronic - mitg,59,medtronic
schering-plough,57,merck co
leo pharma,55,
baxter healthcare corporation,52,baxter
cubist pharmaceuticals llc,48,merck co
ciba vision,48,novartis
galderma,47,nestle
actelion,45,johnson johnson
"eisai co., ltd.",45,eisai
csl behring,44,csl
parexel,43,
"quintiles, inc.",42,iqvia
baxalta now part of shire,42,takeda
"mutual pharmaceutical company, inc.",42,
"the emmes company, llc",41,
"centocor, inc.",41,johnson johnson
grünenthal gmbh,41,
purdue pharma lp,40,
"stiefel, a gsk company",38,glaxosmithkline
roche pharma ag,37,roche par
medtronic endovascular,36,medtronic
janssen pharmaceutical k.k.,36,johnson johnson
ascensia diabetes care,35,
repros therapeutics inc.,34,allergan
c. r. bard,34,becton dickinson
ppd,34,
w.l.gore & associates,32,
medtronic diabetes,31,medtronic
"galderma laboratories, l.p.",30,nestle
cumberland pharmaceuticals,30,
"american regent, inc.",29,daiichi sankyo
"ortho-mcneil janssen scientific affairs, llc",29,johnson johnson
abbott medical optics,29,abbott laboratories
pharmacyclics llc.,29,abbvie
philips respironics,28,koninklijke philips
"takeda pharmaceuticals north america, inc.",28,takeda
gw pharmaceuticals ltd.,27,
molnlycke health care ab,27,
"pacira pharmaceuticals, inc",26,
warner chilcott,26,
healthpoint,26,
ethicon endo-surgery,25,
"hospira, now a wholly owned subsidiary of pfizer",25,
"pearl therapeutics, inc.",25,
"biosense webster, inc.",24,
taro pharmaceuticals usa,24,
medtronic bakken research center,24,
"janssen korea, ltd., korea",24,
avid radiopharmaceuticals,24,
r-pharm,23,
otsuka america pharmaceutical,23,
"merz north america, inc.",23,
erchonia corporation,23,
the medicines company,23,
"astellas pharma us, inc.",22,
sandoz,22,
"ethicon, inc.",22,
octapharma,21,
guerbet,21,
"astellas pharma global development, inc.",21,
cook group incorporated,20,
johnson & johnson consumer and personal products worldwide,20,
"amylin pharmaceuticals, llc.",20,
"medivation, inc.",20,
q-med ab,20,
seqirus,20,
"horizon pharma ireland, ltd., dublin ireland",19,
aventis pharmaceuticals,19,
teva pharmaceutical industries,19,
medtronicneuro,19,
meda pharmaceuticals,19,
"vivus, inc.",19,
watson pharmaceuticals,18,
biocad,18,
"janssen scientific affairs, llc",18,
janssen-cilag international nv,18,
actavis inc.,18,
menarini group,18,
us oncology research,18,
merz pharmaceuticals gmbh,17,
pharmamar,17,
alk-abelló a/s,17,
stryker orthopaedics,17,
labopharm inc.,17,
"bracco diagnostics, inc",17,
medtronic cardiovascular,17,
laboratorios sophia s.a de c.v.,17,
"ulthera, inc",17,
gedeon richter ltd.,16,
ucb japan co. ltd.,16,
indivior inc.,16,
philip morris products s.a.,16,
institut straumann ag,16,
depuy orthopaedics,16,
"alexza pharmaceuticals, inc.",16,
medtronic vascular,15,
"medivation llc, a wholly owned subsidiary of pfizer inc.",15,
dentsply sirona implants,15,
acclarent,15,
dendreon,15,
crucell holland bv,15,
sanofi-synthelabo,14,
"alcon, a novartis company",14,
valneva austria gmbh,14,
"tibotec pharmaceuticals, ireland",14,
"sucampo pharma americas, llc",14,
"aegerion pharmaceuticals, inc.",14,
"ardea biosciences, inc.",14,
"kci usa, inc.",14,
ono pharmaceutical co. ltd,14,
janssen pharmaceuticals,14,
kythera biopharmaceuticals,14,
depomed,13,
covance,13,
ucb biosciences gmbh,13,
abbott diabetes care,13,
"ora, inc.",13,
galderma r&d,13,
gw research ltd,13,
"horizon pharma usa, inc.",13,
fisher and paykel healthcare,13,
"rho, inc.",12,
"ucb biosciences, inc.",12,
"sprout pharmaceuticals, inc",12,
ucb biopharma s.p.r.l.,12,
merrimack pharmaceuticals,12,
veloxis pharmaceuticals,12,
apopharma,12,
human genome sciences inc.,12,
i3 statprobe,12,
"instituto grifols, s.a.",12,
debiopharm international sa,12,
elan pharmaceuticals,12,
janssen r&d ireland,12,
"biotronik, inc.",11,
"ortho biotech, inc.",11,
"map pharmaceuticals, inc., a wholly owned subsidiary of allergan",11,
insys therapeutics inc,11,
"samsung bioepis co., ltd.",11,
"xenoport, inc.",11,
"dusa pharmaceuticals, inc.",11,
medtronic spinal and biologics,11,
laboratoires thea,11,
"kyowa kirin co., ltd.",11,
"iroko pharmaceuticals, llc",11,
colucid pharmaceuticals,11,
conatus pharmaceuticals inc.,11,
affymax,11,
insmed incorporated,11,
"melinta therapeutics, inc.",11,
"promius pharma, llc",11,
"tibotec therapeutics, a division of ortho biotech products, l.p., usa",11,
astellas pharma europe b.v.,11,
xian-janssen pharmaceutical ltd.,10,
can-fite biopharma,10,
lantheus medical imaging,10,
mundipharma korea ltd,10,
johnson & johnson consumer inc. (j&jci),10,
"dermira, inc.",10,
"regenesis biomedical, inc.",10,
symbio pharmaceuticals,10,
dr. reddy's laboratories limited,10,
icon clinical research,10,
ibsa institut biochimique sa,10,
"human genome sciences inc., a gsk company",10,
exalenz bioscience ltd.,10,
"onyx therapeutics, inc.",10,
photocure,10,
pharmacosmos a/s,10,
gi dynamics,10,
"teva pharmaceutical industries, ltd.",10,
"graceway pharmaceuticals, llc",10,
cordis corporation,9,
duramed research,9,
"synthes usa hq, inc.",9,
thrombogenics,9,
santhera pharmaceuticals,9,
synta pharmaceuticals corp.,9,
"idera pharmaceuticals, inc.",9,
syneron medical,9,
keryx biopharmaceuticals,9,
helsinn healthcare sa,9,
cti biopharma,9,
terumo bct,9,
threshold pharmaceuticals,9,
locemia solutions ulc,9,
tibotec pharmaceutical limited,9,
dompé farmaceutici s.p.a,9,
sunovion respiratory development inc.,9,
pozen,9,
"ortho biotech clinical affairs, l.l.c.",9,
cochlear,9,
materia medica holding,9,
johnson & johnson taiwan ltd,9,
"janssen alzheimer immunotherapy research & development, llc",9,
"st. renatus, llc",9,
"bayer healthcare pharmaceuticals, inc./bayer schering pharma",9,
medline industries,9,
mundipharma (china) pharmaceutical co. ltd,9,
kowa research europe,9,
achieve life sciences,9,
halyard health,9,
"kastle therapeutics, llc",9,
ablynx,8,
"orexigen therapeutics, inc",8,
onxeo,8,
"almirall, s.a.",8,
"tkl research, inc.",8,
lifecell,8,
fresenius medical care north america,8,
"sucampo pharmaceuticals, inc.",8,
stallergenes greer,8,
agile therapeutics,8,
acerta pharma bv,8,
defence research and development canada,8,
"janssen, lp",8,
sun pharma advanced research company limited,8,
bavarian nordic,8,
diurnal limited,8,
janssen pharmaceutica,8,
thoratec corporation,8,
"santen pharmaceutical co., ltd.",8,
"janssen-cilag ltd.,thailand",8,
advanced circulatory systems,8,
chelsea therapeutics,8,
"relypsa, inc.",8,
windtree therapeutics,8,
bioverativ therapeutics inc.,8,
mcm vaccines b.v.,8,
medtronic surgical technologies,8,
"abbott japan co.,ltd",8,
philips healthcare,8,
"vertos medical, inc.",8,
protein sciences corporation,8,
richmond pharmacology limited,7,
insightec,7,
"kissei pharmaceutical co., ltd.",7,
emissary international llc,7,
noven therapeutics,7,
"verastem, inc.",7,
alimera sciences,7,
eisai korea inc.,7,
nycomed,7,
triligent international,7,
"kowa research institute, inc.",7,
amgen research (munich) gmbh,7,
hexal ag,7,
plexxikon,7,
sun pharma global fze,7,
tap pharmaceutical products inc.,7,
"grifols biologicals, llc",7,
ariad pharmaceuticals,7,
wellspect healthcare,7,
tracon pharmaceuticals inc.,7,
"aveo pharmaceuticals, inc.",7,
"synteract, inc.",7,
"orion corporation, orion pharma",7,
"tibotec, inc",7,
braintree laboratories,7,
sunesis pharmaceuticals,7,
integrated therapeutics group,7,
cosmo technologies ltd,7,
stryker neurovascular,7,
cochlear bone anchored solutions,7,
fougera pharmaceuticals inc.,7,
"astex pharmaceuticals, inc.",7,
hollister incorporated,7,
acrotech biopharma llc,7,
"mcneil consumer healthcare division of mcneil-ppc, inc.",7,
dentsply international,7,
depuy spine,6,
quatrx pharmaceuticals,6,
"elcelyx therapeutics, inc.",6,
biomarin/genzyme llc,6,
atos medical ab,6,
"myriad genetic laboratories, inc.",6,
egalet ltd,6,
depuy international,6,
"dsm nutritional products, inc.",6,
mcneil ab,6,
"cougar biotechnology, inc.",6,
"cortice biosciences, inc.",6,
nobelpharma,6,
"aciex therapeutics, inc.",6,
icon plc,6,
simbec research,6,
medicis pharmaceutical corporation,6,
vistakon pharmaceuticals,6,
"mentor worldwide, llc",6,
"tesaro, inc.",6,
"afferent pharmaceuticals, inc.",6,
"sumitomo dainippon pharma co., ltd.",6,
lundbeck llc,6,
"philip morris usa, inc.",6,
medtronic neurovascular clinical affairs,6,
aevi genomic medicine,6,
aeterna zentaris,6,
lg life sciences,6,
medtronic brc,6,
biovex limited,6,
abbott diagnostics division,6,
"taigen biotechnology co., ltd.",6,
peplin,6,
janssen infectious diseases bvba,6,
"zs pharma, inc.",6,
stryker european operations bv,6,
pierre fabre medicament,6,
icon bioscience inc,6,
"impax laboratories, llc",6,
"emd serono research & development institute, inc.",6,
janssen-cilag g.m.b.h,6,
"naurex, inc, an affiliate of allergan plc",6,
navidea biopharmaceuticals,6,
"kyowa kirin pharmaceutical development, inc.",6,
cardiofocus,6,
prometheus laboratories,6,
"cypress bioscience, inc.",6,
"astellas pharma canada, inc.",6,
"merck serono s.p.a., italy",6,
"merck serono s.a.s, france",6,
"merck serono s.a., geneva",6,
plx pharma,6,
"merck serono co., ltd., china",6,
ophthotech corporation,6,
"castle creek pharmaceuticals, llc",6,
neurim pharmaceuticals ltd.,5,
vidacare corporation,5,
nestlé,5,
revo biologics,5,
neovii biotech,5,
"janssen biotech, inc.",5,
medidata solutions,5,
reshape lifesciences,5,
topaz pharmaceuticals inc,5,
ferrer internacional s.a.,5,
"oncovir, inc.",5,
"fibrocell technologies, inc.",5,
optimer pharmaceuticals llc,5,
optinose us inc.,5,
"oramed, ltd.",5,
pharming technologies b.v.,5,
terumo bctbio,5,
"osprey medical, inc",5,
avanir pharmaceuticals,5,
"med institute, incorporated",5,
glenmark specialty s.a.,5,
paion uk ltd.,5,
golden biotechnology corporation,5,
parapro llc,5,
"tonix pharmaceuticals, inc.",5,
"topcon medical systems, inc.",5,
"biomed valley discoveries, inc",5,
biologische heilmittel heel gmbh,5,
"dialysis clinic, inc.",5,
integrium,5,
djo incorporated,5,
"nivalis therapeutics, inc.",5,
"institute of vaccines and medical biologicals, vietnam",5,
algorithme pharma inc,5,
inqpharm group,5,
innate pharma,5,
immunex corporation,5,
endoceutics inc.,5,
"enzon pharmaceuticals, inc.",5,
enzymotec,5,
mc2 therapeutics,5,
"tearscience, inc.",5,
"carestream health, inc.",5,
janssen-cilag pty ltd,5,
symphogen a/s,5,
braeburn pharmaceuticals,5,
sunstar americas,5,
medtronic spine llc,5,
"sumitomo pharmaceutical (suzhou) co., ltd.",5,
"amarillo biosciences, inc.",5,
starpharma pty ltd,5,
sensimed ag,5,
"shanghai microport medical (group) co., ltd.",5,
cefaly technology,5,
motus gi medical technologies ltd,5,
laborie medical technologies inc.,5,
kai pharmaceuticals,5,
"molecular insight pharmaceuticals, inc.",5,
"kinetic concepts, inc.",5,
"centocor ortho biotech services, l.l.c.",5,
"korea otsuka pharmaceutical co., ltd.",5,
"boryung pharmaceutical co., ltd",5,
miltenyi biotec b.v. & co. kg,5,
birken ag,5,
array biopharma,5,
synthetic biologics inc.,5,
targacept inc.,5,
janssen-cilag ltd.,5,
"cyberonics, inc.",5,
"tetraphase pharmaceuticals, inc.",5,
"sage products, inc.",5,
maruho europe limited,5,
synovis surgical innovations,4,
"biolinerx, ltd.",4,
hutchison medipharma limited,4,
price vision group,4,
medimmune ltd,4,
anchiano therapeutics israel ltd.,4,
biotie therapies inc.,4,
"merck, s.l., spain",4,
hormos medical,4,
prana biotechnology limited,4,
acura pharmaceuticals inc.,4,
"vital therapies, inc.",4,
ethica clinical research inc.,4,
"celleration, inc.",4,
"oculeve, inc.",4,
"entellus medical, inc.",4,
"gradalis, inc.",4,
icos corporation,4,
tanox,4,
trius therapeutics llc,4,
zymogenetics,4,
celltrion,4,
laboratoire français de fractionnement et de biotechnologies,4,
metabolic solutions development company,4,
prologue research international,4,
oncotherapeutics,4,
biotronik se & co. kg,4,
oncosec medical incorporated,4,
life molecular imaging sa,4,
"tarsa therapeutics, inc.",4,
medicis global service corporation,4,
aptuit inc.,4,
philips electronics nederland bv,4,
tissue tech inc.,4,
lung biotechnology pbc,4,
zimmer dental,4,
tactile medical,4,
galil medical,4,
"gambro renal products, inc.",4,
"teva neuroscience, inc.",4,
pharmanet,4,
bionor immuno as,4,
biofrontera bioscience gmbh,4,
"helsinn therapeutics (u.s.), inc",4,
biocompatibles uk ltd,4,
bioness inc,4,
"spirox, inc.",4,
"taiho pharmaceutical co., ltd.",4,
"merck serono co., ltd., japan",4,
"forsight vision5, inc.",4,
unilever r&d,4,
medarex,4,
tibotec bvba,4,
psyadon pharma,4,
cycle pharmaceuticals ltd.,4,
"biolux research holdings, inc.",4,
"janssen services, llc",4,
seikagaku corporation,4,
torrent pharmaceuticals limited,4,
nobel biocare,4,
"johnson & johnson healthcare products division of mcneil-ppc, inc.",4,
"apollo endosurgery, inc.",4,
johnson & johnson k.k. medical company,4,
nordic bioscience a/s,4,
theracos,4,
norgine,4,
verona pharma plc,4,
codman & shurtleff,4,
"durata therapeutics inc., an affiliate of allergan plc",4,
"applied biology, inc.",4,
us worldmeds llc,4,
cook biotech incorporated,4,
salvat,4,
"scioderm, inc.",4,
corindus inc.,4,
"scios, inc.",4,
"mcneil consumer & specialty pharmaceuticals, a division of mcneil-ppc, inc.",4,
"coronado biosciences, inc.",4,
savient pharmaceuticals,4,
"nimbic systems, llc",4,
med-el corporation,4,
"nippon kayaku co., ltd.",4,
italfarmaco,4,
ivoclar vivadent ag,4,
cook research incorporated,4,
"janssen-ortho inc., canada",4,
"intercell usa, inc.",4,
"csa medical, inc.",4,
torax medical incorporated,4,
"baxalta innovations gmbh, now part of shire",4,
atrium medical corporation,4,
"neotract, inc.",4,
romark laboratories l.c.,4,
nusirt biopharma,4,
"transcend medical, inc.",4,
"chromaderm, inc.",4,
"janssen pharmaceutica n.v., belgium",4,
b. braun medical inc.,4,
basilea pharmaceutica,4,
"ekr therapeutics, inc",4,
zalicus,4,
achillion pharmaceuticals,4,
aquinox pharmaceuticals (canada) inc.,4,
king pharmaceuticals is now a wholly owned subsidiary of pfizer,4,
circassia limited,4,
"klein buendel, inc.",4,
allerderm,4,
morphotek,4,
insite vision,4,
"minerva surgical, inc.",4,
organon,3,
mauna kea technologies,3,
neuropace,3,
"tragara pharmaceuticals, inc.",3,
janssen-cilag farmaceutica ltda.,3,
greer laboratories,3,
"achaogen, inc.",3,
"pamlab, inc.",3,
napp pharmaceuticals limited,3,
mateon therapeutics,3,
"auspex pharmaceuticals, inc.",3,
transcept pharmaceuticals,3,
osteogenics biomedical,3,
zoll medical corporation,3,
"acufocus, inc.",3,
orfagen,3,
adaptimmune,3,
adc therapeutics s.a.,3,
"ivwatch, llc",3,
zosano pharma corporation,3,
jacobus pharmaceutical,3,
orthovita d/b/a stryker,3,
guided therapy systems,3,
paradigm spine,3,
orthoaccel technologies inc.,3,
"il-yang pharm. co., ltd.",3,
lifescan,3,
"invion, inc.",3,
"novus therapeutics, inc",3,
xenon pharmaceuticals inc.,3,
jss medical research inc.,3,
oncoethix gmbh,3,
"humanigen, inc.",3,
molmed s.p.a.,3,
hvivo,3,
"hypnalgesics, llc",3,
astellas pharma europe ltd.,3,
"oncomed pharmaceuticals, inc.",3,
nupathe inc.,3,
"aragon pharmaceuticals, inc.",3,
xanodyne pharmaceuticals,3,
trimeris,3,
"kyowa hakko kirin pharma, inc.",3,
obstetrix medical group,3,
medgenics medical israel ltd.,3,
johnson & johnson pte ltd,3,
intermune,3,
tusker medical,3,
lycera corp.,3,
nabriva therapeutics ag,3,
orexo ab,3,
"hemcon medical technologies, inc",3,
"janssen-cilag, s.a.",3,
hepatera ltd.,3,
orapharma,3,
mead johnson nutrition,3,
menarini international operations luxembourg sa,3,
"tobira therapeutics, inc.",3,
"menicon co., ltd.",3,
millennium: the takeda oncology company,3,
merck frosst canada ltd.,3,
"xoft, inc.",3,
"johnson & johnson consumer products company division of johnson & johnson consumer companies, inc.",3,
"leadiant biosciences, inc.",3,
"novadaq technologies ulc, now a part of stryker",3,
"tesorx pharma, llc",3,
"photozig, inc.",3,
alere wellbeing,3,
celldex therapeutics,3,
ekos corporation,3,
viralytics,3,
celtic pharma development services,3,
bio2 medical,3,
earlens corporation,3,
e-therapeutics plc,3,
solta medical,3,
centocor bv,3,
solstice neurosciences,3,
dupont nutrition and health,3,
reckitt benckiser healthcare (uk) limited,3,
soligenix,3,
"centocor research & development, inc.",3,
redhill biopharma limited,3,
ception therapeutics,3,
"q-med scandinavia, inc.",3,
prima biomed ltd,3,
celerion,3,
"proacta, incorporated",3,
progen pharmaceuticals,3,
prollenium medical technologies inc.,3,
"promedior, inc.",3,
estetra,3,
"essential medical, inc.",3,
capstone therapeutics,3,
enzyvant therapeutics gmbh,3,
standard homeopathic company,3,
alcobra ltd.,3,
"cardiva medical, inc.",3,
"spr therapeutics, inc.",3,
"encore medical, l.p.",3,
spectranetics corporation,3,
spear pharmaceuticals,3,
dong wha pharmaceutical co. ltd.,3,
dimagi inc.,3,
"uroplasty, inc",3,
currax pharmaceuticals,3,
siemens medical solutions,3,
s.l.a. pharma ag,3,
baylis medical company,3,
veroscience,3,
sandoz gmbh,3,
"beech tree labs, inc.",3,
cross research s.a.,3,
cosmetique active international,3,
cook myosite,3,
shield therapeutics,3,
conjuchem,3,
concordia laboratories inc.,3,
clinuvel pharmaceuticals limited,3,
"cogcubed, corp",3,
"rundo international pharmaceutical research & development co.,ltd.",3,
cytogen corporation,3,
viamet,3,
"reveragen biopharma, inc.",3,
chemgenex pharmaceuticals,3,
chiltern international inc.,3,
"sirtris, a gsk company",3,
sirtex medical,3,
"chirhoclin, inc.",3,
chong kun dang pharmaceutical,3,
chongqing jiachen biotechnology ltd.,3,
roche-genentech,3,
applied genetic technologies corp,3,
datamap,3,
rhizen pharmaceuticals sa,3,
"sierra oncology, inc.",3,
siemens molecular imaging,3,
"daiichi sankyo europe, gmbh, a daiichi sankyo company",3,
"vascular solutions, inc",3,
biotest pharmaceuticals corporation,3,
pharmacia and upjohn,3,
"avedro, inc.",3,
biom'up france sas,3,
"teikoku pharma usa, inc.",3,
"pioneer surgical technology, inc.",3,
"tallikut pharmaceuticals, inc.",3,
blue earth diagnostics,3,
fresenius biotech north america,3,
biomimetic therapeutics,3,
biostable science & engineering,3,
fresenius kabi,3,
anormed,3,
glenmark pharmaceuticals ltd. india,3,
"pharmajet, inc.",3,
avantis medical systems,3,
genta incorporated,3,
"taris biomedical, inc.",3,
"breathe technologies, inc.",3,
"us biotest, inc.",3,
"bonti, inc.",3,
"furiex pharmaceuticals, inc",3,
philips oral healthcare,3,
bioprotection systems corporation,3,
"foresight regulatory strategies, inc.",3,
"thymon, llc",3,
camurus ab,3,
anthera pharmaceuticals,3,
preglem sa,3,
stryker south pacific,3,
"biohorizons, inc.",3,
advanced bionics,3,
sucampo ag,3,
biotest,3,
pascoe pharmazeutische praeparate gmbh,3,
biotronik ag,3,
"taiho oncology, inc.",3,
calcivis ltd,3,
"avinger, inc.",3,
geistlich pharma ag,3,
andromeda biotech ltd.,3,
kinamed incorporated,2,
angiotech pharmaceuticals,2,
kgk science inc.,2,
biota scientific management pty ltd,2,
accovion gmbh,2,
"anhui zhifei longcom biologic pharmacy co., ltd.",2,
chiron corporation,2,
kessler institute for rehabilitation,2,
candela corporation,2,
bioprotect,2,
"biopharmx, inc.",2,
"johnson & johnson medical, china",2,
bioiberica,2,
"clinstar, llc",2,
"clinphone, inc.",2,
biolab sanus farmaceutica,2,
acell inc.,2,
clinlogix. llc,2,
jubilant innovation ltd.,2,
bio-k plus international inc.,2,
clinipace worldwide,2,
"clindatrix, inc.",2,
mds pharma services,2,
biomedizinische forschungs gmbh,2,
"biomet orthopedics, llc",2,
clear guide medical,2,
"karl storz endoscopy-america, inc.",2,
bionorica se,2,
cj healthcare corporation,2,
"kowa company, ltd.",2,
"arbor pharmaceuticals, inc.",2,
aspreva pharmaceuticals,2,
celladon corporation,2,
btr group,2,
"laguna pharmaceuticals, inc.",2,
lambda therapeutic research ltd.,2,
"catheter robotics, inc.",2,
landeskrankenanstalten-betriebsgesellschaft,2,
"cas medical systems, inc.",2,
amderma,2,
carefusion,2,
"lumara health, inc.",2,
"leaf healthcare, inc.",2,
lipocine inc.,2,
aspireo pharmaceuticals limited,2,
cardialysis bv,2,
"linical co., ltd.",2,
ascendis pharma a/s,2,
"capnia, inc.",2,
"lifewatch services, inc.",2,
"calhoun vision, inc.",2,
libbs farmacêutica ltda,2,
"calibra medical, inc.",2,
"asahi kasei medical co., ltd.",2,
laboratorios ordesa,2,
king systems corporation,2,
bsn medical inc,2,
"aronora, inc.",2,
kitov pharma ltd,2,
chiesi farmaceutici s.p.a.,2,
"kolon tissuegene, inc.",2,
"charleston laboratories, inc",2,
cetylite industries,2,
cangene corporation,2,
"kowa pharmaceuticals america, inc.",2,
bioventus llc,2,
"bio-tech pharmacal, inc.",2,
kudos pharmaceuticals limited,2,
"arrinex, inc.",2,
braincells inc.,2,
mabxience s.a,2,
"breg, inc",2,
"anges usa, inc.",2,
celsion,2,
accelovance,2,
cellvizio inc.,2,
androscience corp,2,
laboratorio elea s.a.c.i.f. y a.,2,
"cytodyn, inc.",2,
ambit biosciences corporation,2,
axovant sciences ltd.,2,
acromion gmbh,2,
fertility biotech ag,2,
"foresee pharmaceuticals co., ltd.",2,
home skinovations ltd.,2,
aurobindo pharma ltd,2,
"foundation for physical therapy, inc.",2,
fresenius kabi swissbiosim gmbh,2,
"fujifilm kyowa kirin biologics co., ltd.",2,
"ausio pharmaceuticals, llc",2,
"fujifilm medical systems usa, inc.",2,
"fujifilm toyama chemical co., ltd.",2,
eximo medical ltd.,2,
air liquide santé international,2,
immune control,2,
idorsia pharmaceuticals ltd.,2,
"epd solutions, a philips company",2,
epicept corporation,2,
"akili interactive labs, inc.",2,
esanex inc.,2,
essex pharma gmbh,2,
i-flow,2,
"airxpanders, inc.",2,
"aires pharmaceuticals, inc.",2,
ever neuro pharma gmbh,2,
"evidence-based practice institute, seattle, wa",2,
evofem inc.,2,
hra pharma,2,
evoke pharma,2,
exact imaging,2,
"gage development company, llc",2,
gamida cell ltd,2,
"ganeden biotech, inc.",2,
"advantage dental services, llc",2,
getz pharma,2,
"advanced life sciences, inc.",2,
guidant corporation,2,
"guangzhou bioseal biotechnology co., ltd.",2,
gtx,2,
globeimmune,2,
ground zero pharmaceuticals,2,
advance biofactures corporation,2,
advanced accelerator applications,2,
"glycotex, inc.",2,
green cross corporation,2,
green cross cell corporation,2,
h2o clinical llc,2,
gensight biologics,2,
hatchtech pty ltd,2,
gardia medical,2,
aesca pharma gmbh,2,
heat biologics,2,
aerin medical,2,
"gen-probe, incorporated",2,
actegy ltd.,2,
harvest technologies,2,
"genomind, llc",2,
hansa biopharma ab,2,
genepoc,2,
"hanlim pharm. co., ltd.",2,
"generic devices consulting, inc.",2,
generon (shanghai) corporation ltd.,2,
"entera health, inc",2,
encube ethicals pvt. ltd.,2,
comentis,2,
"jan medical, inc.",2,
ixchelsis limited,2,
davita dialysis,2,
baxter innovations gmbh,2,
ivfarma llc,2,
"ivantis, inc.",2,
"itf research pharma, s.l.u.",2,
aptevo biotherapeutics,2,
isofol medical ab,2,
depuy mitek,2,
"aquesys, inc.",2,
depuy synthes,2,
"intuor technologies, inc.",2,
"data & inference, inc.",2,
great lakes neurotechnologies inc.,2,
b. braun ltd. centre of excellence infection control,2,
"acessa health, inc.",2,
"berg, llc",2,
"benu biopharma, llc",2,
"cook ireland, ltd.",2,
"altimmune, inc.",2,
janssen-cilag s.p.a.,2,
corimmun gmbh,2,
corin,2,
"asthmatx, inc.",2,
"behavioral health services, inc.",2,
"covidien, gi solutions",2,
astora women's health,2,
janssen sciences ireland uc,2,
curetech ltd,2,
"allegro ophthalmics, llc",2,
international biophysics corporation,2,
dermagen ab,2,
"deroyal industries, inc.",2,
innovive pharmaceuticals,2,
innovative neurotronics,2,
"innovation pharmaceuticals, inc.",2,
infraredx,2,
"infacare pharmaceuticals corporation, a mallinckrodt company",2,
auritec pharmaceuticals,2,
ind 2 results llc,2,
eleison pharmaceuticals llc.,2,
aldagen,2,
"elira therapeutics, inc.",2,
"alcresta therapeutics, inc.",2,
imperial tobacco group plc,2,
ellman international,2,
immuron ltd.,2,
basilea pharmaceutica international ltd,2,
eip pharma inc,2,
intarcia therapeutics,2,
destiny pharma plc,2,
devilbiss healthcare llc,2,
"dipexium pharmaceuticals, inc.",2,
dmg dental material gesellschaft mbh,2,
dow pharmaceutical sciences,2,
dr. falk pharma gmbh,2,
eden sarl,2,
aptevo therapeutics,2,
aptiv solutions,2,
instituto bioclon s.a. de c.v.,2,
dynatherm medical inc.,2,
"auris medical, inc.",2,
ecri bv,2,
"devicefarm, inc.",2,
"zz biotech, llc",2,
meda pharma gmbh & co. kg,2,
quercegen pharmaceuticals,2,
qlt inc.,2,
"pursuit vascular, inc.",2,
"purdue pharma, canada",2,
pulmonx corporation,2,
proto pharma ltd,2,
proteon therapeutics,2,
proswell medical corporation,2,
pronova biopharma,2,
"pricara, unit of ortho-mcneil, inc.",2,
prep biopharm limited,2,
"pneumrx, inc.",2,
pledpharma ab,2,
"pico-tesla magnetic therapies, llc",2,
pht corporation,2,
pharmavite llc,2,
qps-qualitix,2,
salient surgical technologies,2,
salient pharmaceuticals incorporated,2,
s*bio,2,
roxane laboratories,2,
roxall medicina españa s.a,2,
robert lodder,2,
rex medical,2,
"revision optics, inc.",2,
"respicardia, inc.",2,
"rempex (a wholly owned subsidiary of melinta therapeutics, inc.)",2,
"regentree, llc",2,
"refocus group, inc.",2,
red de terapia celular,2,
recepta biopharma,2,
rebiotix inc.,2,
raptor pharmaceuticals corp.,2,
pharmasyntez,2,
pharmacia,2,
pharma consulting group ab,2,
pergamum ab,2,
novartis korea ltd.,2,
"novadigm therapeutics, inc.",2,
"nonin medical, inc",2,
"nitric biotherapeutics, inc",2,
nihon kohden,2,
"nielsen biosciences, inc.",2,
"nextgen biologics, inc.",2,
next science tm,2,
"neurotrope bioscience, inc.",2,
neurobiological technologies,2,
neuraxon inc.,2,
"neothetics, inc",2,
"neosync, inc.",2,
"neostrata company, inc.",2,
"neodyne biosciences, inc.",2,
"nema research, inc.",2,
nearmedic plus llc,2,
novum pharmaceutical research services,2,
nuvo research inc.,2,
"olympus america, inc.",2,
peptcell limited,2,
pepsico global r&d,2,
"pelvalon, inc.",2,
"pellepharm, inc.",2,
parion sciences,2,
"paracor medical, inc",2,
"par pharmaceutical, inc.",2,
otto bock healthcare,2,
olympus biotech corporation,2,
"otonomy, inc.",2,
osmotica pharmaceutical us llc,2,
orbusneich,2,
"opko ip holdings ii, inc.",2,
ony,2,
ono pharma usa inc,2,
"santalis pharmaceuticals, inc.",2,
"savvysherpa, inc.",2,
texas oncology cancer center,2,
upsher-smith laboratories,2,
ucb s.a. - pharma sector,2,
"ucb korea co., ltd.",2,
tyrogenex,2,
tyco healthcare group,2,
"twi biotechnology, inc.",2,
tva medical inc.,2,
"tris pharma, inc.",2,
trident life sciences ltd.,2,
"tornier, inc.",2,
topical remedy,2,
"tiziana life sciences, plc",2,
tillotts pharma ag,2,
theravasc inc.,2,
theratechnologies,2,
the vaccine company,2,
uromedica,2,
vasopharm gmbh,2,
wcct global,2,
zipline medical inc.,2,
ziemer ophthalmic systems ag,2,
"zetroz, inc.",2,
"xlumena, inc.",2,
william cook europe,2,
wilex,2,
"watson laboratories, inc.",2,
vaxinnate corporation,2,
"wakunaga pharmaceutical co., ltd.",2,
vomaris innovations,2,
vitrolife,2,
"vgx pharmaceuticals, llc",2,
venus concept,2,
vectura limited,2,
the gid group,2,
teva women's health,2,
"seaside therapeutics, inc.",2,
tetralogic pharmaceuticals,2,
"spinal restoration, inc.",2,
"sorin group usa, inc.",2,
sorbent therapeutics,2,
sonitus medical inc,2,
"somna therapeutics, l.l.c.",2,
smithkline beecham,2,
"sk chemicals co., ltd.",2,
"sirion therapeutics, inc.",2,
sinusys corporation,2,
sigma-tau i.f.r. s.p.a.,2,
siemens medical solutions usa - csg,2,
"shenzhen kangtai biological products co., ltd",2,
"sfj pharmaceuticals, inc.",2,
sequential medicine ltd,2,
sentrx,2,
spirig pharma ltd.,2,
sponsor name pending,2,
sri international,2,
sysmex inostics gmbh,2,
tercica,2,
teoxane sa,2,
tengion,2,
"tedec-meiji farma, s.a.",2,
"tal medical, inc.",2,
taisho pharmaceutical r&d inc.,2,
syne qua non limited,2,
stem cell therapeutics corp.,2,
"suneva medical, inc.",2,
sun pharmaceutical industries limited,2,
stryker instruments,2,
"stratatech, a mallinckrodt company",2,
stereotaxis,2,
nabi biopharmaceuticals,2,
kureha corporation,2,
motif bio,2,
"meiji seika pharma co., ltd.",2,
"microvention-terumo, inc.",2,
microtransponder inc.,2,
momelan technologies,2,
mereo biopharma,2,
mundipharma pte ltd.,2,
"merck s.a. de c.v., mexico",2,
medpass international,2,
"midnight pharma, llc",2,
merz aesthetics inc.,2,
msd korea ltd.,2,
molecular partners ag,2,
micell technologies,2,
medivir,2,
"merck pte. ltd., singapore",2,
"memgen, llc",2,
"medtronic xomed, inc.",2,
takara bio inc.,1,
"bioverativ, a sanofi company",1,
biontech diagnostics gmbh,1,
targovax oy,1,
"t3d therapeutics, inc.",1,
biosense webster emea,1,
"taewoong medical co., ltd.",1,
taimed biologics inc.,1,
taiwan liposome company,1,
biothera,1,
targeted medical pharma,1,
"takeda canada, inc.",1,
"biostat international, inc.",1,
biosante pharmaceuticals,1,
biosceptre,1,
tangible science,1,
"lkc technologies, inc.",1,
biosynexus incorporated,1,
"biosuccess biotech co., ltd.",1,
synthon bv,1,
biostata,1,
"mynosys cellular devices, inc.",1,
bolton medical,1,
synthes inc.,1,
"synermore biologics co., ltd.",1,
bright research partners,1,
"bristlecone behavioral health, inc.",1,
"bristlecone health, inc.",1,
lina xu,1,
britannia pharmaceuticals ltd.,1,
"brooklyn immunotherapeutics, llc",1,
light sciences oncology,1,
bsn-jobst inc.,1,
member companies of the opioid pmr consortium,1,
burroughs wellcome,1,
"c2 therapeutics, inc.",1,
c8sciences,1,
"cala health, inc.",1,
"caladrius biosciences, inc.",1,
bridgepoint medical,1,
"surgiquest, inc.",1,
"surgsolutions, llc",1,
"boston biomedical, inc",1,
synergy research inc.,1,
bluewind medical,1,
synergy pharmaceuticals pte. ltd.,1,
tarix pharmaceuticals,1,
"lipimetix development, llc",1,
"mela sciences, inc.",1,
synapse bv,1,
breakthrough therapeutics,1,
boston scientific japan k.k.,1,
bostwick laboratories,1,
symplmed pharmaceuticals llc,1,
symbion research international,1,
symbiomix therapeutics,1,
bionovo,1,
biondvax pharmaceuticals ltd.,1,
"tasly pharmaceuticals, inc.",1,
bionomics limited,1,
"betta pharmaceuticals co., ltd.",1,
beximco,1,
the hershey company,1,
bio sidus sa,1,
lundbeck canada inc.,1,
"bio-medical research, ltd.",1,
the dial corporation,1,
tfs trial form support,1,
bioaegis therapeutics inc.,1,
bioaffinity technologies inc.,1,
bioblast pharma ltd.,1,
lumenis ltd.,1,
biocodex,1,
texas enterosorbents incorporated,1,
medy-tox,1,
berner oy,1,
bernafon ag,1,
"berlin heart, inc",1,
bcn peptides,1,
baxter bioscience,1,
theragen inc.,1,
theradex,1,
theraclion,1,
"therabron therapeutics, inc.",1,
"therabracelet, inc.",1,
therabel pharma sa/nv,1,
the litebook company ltd.,1,
bedford pharmaceuticals,1,
the taub group,1,
bellicum pharmaceuticals,1,
"benechill, inc",1,
the smartpill corporation,1,
"benvenue medical, inc.",1,
"lpath, inc.",1,
"biodesix, inc.",1,
bioelectronics corporation,1,
"tear film innovations, inc.",1,
"lma north america, inc.",1,
"telcare, inc",1,
"teijin america, inc.",1,
biomedical systems,1,
"llc merck, russia",1,
"biomet biologics, llc",1,
tcm biotech international corp.,1,
"tenax therapeutics, inc.",1,
biomoda inc.,1,
tautona group,1,
stryker spine,1,
taurx therapeutics ltd,1,
bioness neuromodulation,1,
bioniche life sciences inc.,1,
"tenaxis medical, inc.",1,
bioenvision,1,
bioglane,1,
"biofabri, s.l",1,
"biofire diagnostics, llc",1,
tessella inc.,1,
biogaia ab,1,
terumo cvs,1,
"biogenics research chamber, llc",1,
terra biological llc,1,
"biologics, inc.",1,
loreal usa,1,
bioincept llc,1,
mego afek ltd.,1,
lobsor pharmaceuticals ab,1,
"biolite, inc.",1,
biolitec pharma ltd.,1,
sugardown company limited,1,
"cancer prevention pharmaceuticals, inc.",1,
stryker nordic,1,
"calosyn pharma, inc.",1,
"christie medical holdings, inc.",1,
sigvaris corporation,1,
"chrysantis, inc.",1,
"signalrx pharmaceuticals, inc.",1,
ldr spine usa,1,
"cianna medical, inc.",1,
sifi spa,1,
cinnagen,1,
cipher pharmaceuticals inc.,1,
"siesta medical, inc.",1,
lawley pharmaceuticals,1,
claret medical,1,
siemens healthcare diagnostics inc,1,
"siemens corporation, corporate technology",1,
sintesi research srl,1,
"merck serono gmbh, germany",1,
"leading biosciences, inc",1,
"chemigen, llc",1,
chadwick optical inc.,1,
channel medsystems,1,
"chase pharmaceuticals corporation, an affiliate of allergan plc",1,
smilesonica inc.,1,
smart medical systems ltd.,1,
chemo france,1,
chiltern international ltd.,1,
"chen yi enterprise, co., ltd.",1,
chengdu olymvax biopharmaceuticals inc.,1,
chf solutions,1,
"chia tai tianqing pharmaceutical group co., ltd.",1,
"skeletal dynamics, llc",1,
cleveland biolabs,1,
clever instruments s.l.,1,
"click therapeutics, inc.",1,
"sequella, inc.",1,
cogenix medical corporation,1,
cognitive research corporation,1,
serum institute of india pvt. ltd.,1,
"merck sp. z.o.o., poland",1,
lakewood-amedex inc,1,
columbia northwest pharmaceuticals,1,
sfj pharma ltd. ii,1,
sepsicure,1,
"merck spol. s r.o., slovakia",1,
"concordia pharmaceuticals inc., barbados",1,
"senju pharmaceutical co., ltd.",1,
"sewon cellontech co., ltd.",1,
"merck services u.k. ltd, uk",1,
merck serono norway,1,
clinical innovations,1,
"clinical nutrition research center, illinois institute of technology",1,
"clinical research consultants, inc.",1,
"shire human genetic therapies, inc.",1,
merck serono middle east fz llc,1,
"shin nippon biomedical laboratories, ltd.",1,
"shanghai sundise traditional chinese medicine co., ltd.",1,
"clinvest research, llc",1,
clji worldwide,1,
"cloudbreak therapeutics, llc",1,
"shanghai greenvalley pharmaceutical co., ltd.",1,
"cmic co, ltd. japan",1,
cnoga medical ltd.,1,
"snbl clinical pharmacology center, inc.",1,
cerulean pharma inc.,1,
cerespir,1,
"spyryx biosciences, inc.",1,
cardiocell llc,1,
statistika consultoria ltda,1,
"cardiomed device consultants, llc",1,
cardiomems,1,
"merck b.v., netherlands",1,
"cardioxyl pharmaceuticals, inc",1,
sports medicine research and testing laboratory,1,
stealth biotherapeutics inc.,1,
lidds ab,1,
"carewave medical, inc.",1,
carine beysen,1,
"spirita oncology, llc",1,
carotech inc.,1,
carrick brain centers,1,
"cardinal health 414, llc",1,
"cardero therapeutics, inc.",1,
"merck frosst-schering pharma, g.p.",1,
cantex pharmaceuticals,1,
camel-ids nv,1,
stryker japan k.k.,1,
"lifeway foods, inc.",1,
canbas co. ltd.,1,
therapix biosciences ltd.,1,
stimgenics llc,1,
"merck a.e., greece",1,
cardeas pharma,1,
"capillus, llc",1,
"stemedica cell technologies, inc.",1,
"capso vision, inc.",1,
stemcentrx,1,
"merck a/s, denmark",1,
"carbylan therapeutics, inc.",1,
"cartiva, inc.",1,
"merck inc., philippines",1,
cerephex corporation,1,
"solae, llc",1,
somerset pharmaceuticals,1,
cen biotech,1,
cenerx biopharma inc.,1,
"centauri medical, inc.",1,
center for psychiatry and behavioral medicine inc.,1,
solsys medical llc,1,
"sol-gel technologies, ltd.",1,
"lepu medical technology (beijing) co., ltd.",1,
"sofregen medical, inc.",1,
sofar s.p.a.,1,
cepheid,1,
snoasis medical products,1,
"cerapedics, inc",1,
ceregene,1,
"sommetrics, inc.",1,
somnarus inc,1,
catalyst biosciences,1,
sophiris bio corp,1,
spectral diagnostics (us) inc.,1,
spd development company limited,1,
caveomed gmbh,1,
"lfb usa, inc.",1,
"merck oy, finland",1,
cell genesys,1,
"cellsight technologies, inc.",1,
cell medica ltd,1,
"merck pharma, k.s., slovakia",1,
"cellectar biosciences, inc.",1,
"somnus therapeutics, inc.",1,
cellpraxis bioengenharia ltda.,1,
"theranova, l.l.c.",1,
thermogenesis corp.,1,
"medtronic japan co., ltd.",1,
viracor laboratories,1,
medigene,1,
vital access corp.,1,
"alan neuromedical technologies, llc",1,
"vitaflo international, ltd",1,
"vitae pharmaceuticals, inc.",1,
visufarma spa,1,
"vision share, inc.",1,
visco vision inc.,1,
alere san diego,1,
"virtually better, inc.",1,
alevologic llc,1,
alex's lemonade stand foundation,1,
viroxis corporation,1,
viropharma,1,
vivasure medical limited,1,
aircast llc,1,
viveve inc.,1,
"aft pharmaceuticals, ltd.",1,
"aesculap, inc.",1,
"aesrx, llc",1,
mc10 inc.,1,
volcano corporation,1,
"vnus medical technologies, a covidien company",1,
vizuri health sciences llc,1,
"agamatrix, inc.",1,
agen biomedical,1,
vivid pharma inc.,1,
"aguiflai iberica, s.l.",1,
aicure,1,
aicuris anti-infective cures gmbh,1,
"viromed laboratories, inc.",1,
"vincent martin, md",1,
"theravalues, inc.",1,
alios biopharma inc.,1,
altor bioscience,1,
"alzchem, llc",1,
"medimetriks pharmaceuticals, inc",1,
"ventus medical, inc.",1,
"ventrus biosciences, inc",1,
ventripoint diagnostics ltd.,1,
ventria bioscience,1,
"amderma pharmaceuticals, llc",1,
amedica corporation,1,
"venous health systems, inc.",1,
"vegenat, s.a.",1,
meditrial europe ltd.,1,
"mast therapeutics, inc.",1,
amgen astellas biopharma k.k.,1,
vaxgen,1,
veran medical technologies,1,
altea therapeutics,1,
alquest,1,
veryan medical ltd.,1,
vifor fresenius medical care renal pharma,1,
vidara therapeutics research ltd,1,
allena pharmaceuticals,1,
vicus therapeutics,1,
"matrixx initiatives, inc.",1,
allergen nce inc.,1,
"matinas biopharma nanotechnologies, inc.",1,
"allermed laboratories, inc.",1,
allerquest llc,1,
allovir,1,
almac discovery,1,
almedis,1,
vernalis (r&d) ltd,1,
aesculap implant systems,1,
vrhealth group ltd,1,
vsm geneesmiddelen b.v.,1,
ward photonics llc,1,
aboca spa societa' agricola,1,
"aboutskin dermatology and dermsurgery, pc",1,
mdt medical device testing gmbh,1,
academic pediatric association,1,
zespri international limited,1,
zealand pharma,1,
zansors,1,
access business group,1,
"access pharmaceuticals, inc.",1,
zambon spa,1,
yuhan corporation,1,
yaupon therapeutics,1,
yasoo health,1,
xvivo perfusion,1,
zeugma saglik hizmetleri san. tic. ltd. sti.,1,
"zhejiang xingyue biotechnology co., ltd.",1,
medacta international sa,1,
4pharma ltd.,1,
"5i sciences, inc.",1,
a. menarini industrie farmaceutiche riunite s.r.l.,1,
a.t. resolve sarl,1,
aaipharma,1,
zucero pty ltd,1,
ziopharm,1,
ziarco pharma ltd,1,
zinfandel pharmaceuticals inc.,1,
"zin technologies, inc.",1,
"zila biotechnology, inc.",1,
abbott nutrition,1,
abbott products,1,
"mdvi, llc",1,
"medhab, lc",1,
"xiamen innovax biotech co., ltd",1,
"xiamen amoytop biotech co., ltd.",1,
weinberg medical physics llc,1,
wellsense usa inc.,1,
adienne sa,1,
"adir, a servier group company",1,
"wellesley pharmaceuticals, llc",1,
"welch's, inc.",1,
welch allyn,1,
medical technology transfer and services hong kong ltd,1,
"advanced brain monitoring, inc.",1,
advanced breast care imaging,1,
wavelight ag,1,
mcguire institute,1,
advanced research network,1,
watkins conti products. inc.,1,
wellstat therapeutics,1,
acutus medical,1,
ache laboratorios farmaceuticos s.a.,1,
wockhardt,1,
medical acoustics llc,1,
"xcovery holding company, llc",1,
wright medical technology,1,
wound vision,1,
"wound care technologies, inc.",1,
winston laboratories,1,
"acute innovations, llc",1,
winicker norimed gmbh,1,
medical compression systems,1,
active biotech ab,1,
"activx biosciences, inc.",1,
william cook australia,1,
medical entomology centre,1,
vaxart,1,
vasorum ltd,1,
amplimed corporation,1,
ascenta therapeutics,1,
totipotentsc scientific product pvt. ltd.,1,
"atcor medical, inc.",1,
"toshiba america medical systems, inc.",1,
atlantic pharmaceuticals ltd,1,
"atopix therapeutics, ltd.",1,
medtronic heart valves,1,
"topokine therapeutics, inc.",1,
aurinia pharmaceuticals inc.,1,
topical solutions ltd.,1,
"mabvax therapeutics, inc.",1,
auro vaccines llc,1,
m.d. lederman consulting ltd,1,
tioga pharmaceuticals,1,
"transderm, inc.",1,
transpharma medical,1,
asthma management systems,1,
assurex health inc.,1,
"ascletis pharmaceuticals co., ltd.",1,
asphelia pharmaceuticals,1,
"aspire bariatrics, inc.",1,
"tunitas therapeutics, inc.",1,
tsh biopharm corporation limited,1,
assurex health home,1,
"trygfonden, denmark",1,
"trs, inc.",1,
trpharm,1,
trod medical n.v.,1,
"macusight, inc.",1,
astellas pharma singapore pte. ltd.,1,
medtronic corporate technologies and new ventures,1,
autifony therapeutics limited,1,
"autoimmune technologies, llc",1,
"autonomic technologies, inc.",1,
bard ltd,1,
"aziyo biologics, inc.",1,
"b. braun interventional systems, inc",1,
"thrasos innovation, inc.",1,
think now incorporated,1,
b. braun medical sa,1,
b. braun melsungen ag,1,
"baronova, inc.",1,
"thrombovision, inc.",1,
barr laboratories,1,
"barron associates, inc.",1,
basf,1,
seipel group pty ltd,1,
"thermigen, llc",1,
medtronic italia,1,
azevan pharmaceuticals,1,
axio research. llc,1,
"auxilium pharmaceuticals, inc.",1,
averion international corporation,1,
"avacen, inc.",1,
"timothy m. bateman, md",1,
lyndra inc.,1,
tigris pharmaceuticals,1,
"tigermed consulting co., ltd",1,
tigenix n.v.,1,
"avexis, inc.",1,
axio research corporation,1,
"tibion bionics, inc.",1,
"aviel roy-shapira, m.d.",1,
tian medical inc.,1,
avraham pharmaceuticals ltd,1,
"avvaa world healthcare products, inc.",1,
"ascentia health, inc.",1,
madaus inc,1,
"analytical bio-chemistry laboratories, inc.",1,
mako surgical corp.,1,
us endoscopy,1,
urovant sciences gmbh,1,
"antigen laboratories, inc.",1,
antisepsia central,1,
aobiome llc,1,
apitope international nv,1,
apitope technology (bristol) ltd.,1,
"apnicure, inc.",1,
urodynamix technologies,1,
"maruho co., ltd.",1,
"unity health care, inc.",1,
apsara medical corporation,1,
another way products,1,
usgi medical,1,
"anodyne therapy, llc",1,
angioblast systems,1,
vascutek ltd.,1,
anecare,1,
anergis,1,
maruishi pharmaceutical,1,
angiochem inc,1,
anne lindblad,1,
valiseek limited,1,
angion biomedica corp,1,
"angioscore, inc.",1,
valeant pharmaceuticals,1,
"val health, llc",1,
unither virology,1,
united neuroscience ltd.,1,
united biosource corporation,1,
"arsanis, inc.",1,
medtentia international ltd oy,1,
arqule,1,
ucb italy s.p.a.,1,
arrevus inc.,1,
ucb celltech,1,
manitoba institute of child health,1,
"arstasis, inc.",1,
"arthrex, inc.",1,
artimplant ab,1,
asahi intecc usa inc,1,
medtronic atrial fibrillation solutions,1,
ascend therapeutics,1,
"arj medical, inc.",1,
aptose biosciences inc.,1,
arbi group srl,1,
unigene laboratories inc.,1,
"mars, inc.",1,
uneeg medical a/s,1,
umanis,1,
"araim pharmaceuticals, inc.",1,
"medrad, inc.",1,
ucb pharma inc. (us),1,
arbor vita corporation,1,
arch therapuetics,1,
archigen biotech limited,1,
archivel farma s.l.,1,
arcion therapeutics inc,1,
"ucb pharma sa, belgium",1,
"scpharmaceuticals, inc.",1,
"convergent engineering, inc.",1,
otto bock france snc,1,
"ortho biotech products, l.p.",1,
heart metabolics limited,1,
"heartflow, inc.",1,
origio a/s,1,
heilongjiang feihe dairy co. ltd.,1,
"orient europharma co., ltd.",1,
oriel therapeutics,1,
"oregon center for applied science, inc.",1,
kbp biosciences,1,
hero institute for infant nutrition,1,
"oraya therapeutics, inc.",1,
optovue,1,
"optmed, inc.",1,
"optimum therapeutics, llc",1,
optima integrated health,1,
health dialog,1,
hayat pharmaceutical co. plc,1,
"ortho-mcneil neurologics, inc.",1,
"hallux, inc.",1,
gynesonics,1,
oticon medical,1,
othera pharmaceuticals,1,
"haelan products, inc.",1,
"osteotech, inc",1,
hal allergy,1,
kci europe holding b.v.,1,
ortho-mcneil pharmaceutical,1,
"osel, inc.",1,
hamad medical corporation,1,
"orthotic holdings, inc.",1,
"ortho-mcneil, inc.",1,
hansen medical,1,
hofseth biocare asa,1,
"katena products, inc.",1,
"opexa therapeutics, inc.",1,
ohio willow wood,1,
"hygieia, inc",1,
"hyperbranch medical technology, inc",1,
monica healthcare ltd,1,
karen l atkins,1,
i3 research,1,
kanisa pharmaceuticals,1,
ic-medtech corporation,1,
omicron pharmaceuticals,1,
"icad, inc.",1,
icn pharmaceuticals,1,
ico therapeutics inc.,1,
od-os gmbh,1,
"oculus innovative sciences, inc.",1,
ocugen,1,
omegad llc,1,
humax pharmaceutical,1,
openbiome,1,
"hoya surgical optics, inc.",1,
"mondelēz international, inc.",1,
"onconova therapeutics, inc.",1,
oncolytics biotech,1,
"oncolix, inc.",1,
"oncoimmune, inc.",1,
hospitech respiration,1,
onbone oy,1,
humann,1,
hua medicine limited,1,
"omthera pharmaceuticals, inc",1,
omrix biopharmaceuticals,1,
humanetics corporation,1,
omnifarma kiev llc,1,
"moleculin, llc",1,
kdl inc.,1,
pharmenterprises llc,1,
otto bock healthcare products gmbh,1,
pharma nord,1,
miromatrix medical inc.,1,
pharm-olam international,1,
pfm s.r.l.,1,
pfm medical ag,1,
genetic immunity,1,
genfit,1,
kinemed,1,
geno llc,1,
"genocea biosciences, inc.",1,
peregrine pharmaceuticals,1,
mlinotest zivilska industrija d.d.,1,
pentax medical,1,
genelex corporation,1,
pharmabio development inc.,1,
gemin x,1,
pharmasset,1,
pharmaxis,1,
galsor s.r.l.,1,
miramar labs,1,
"gambro uf solutions, inc.",1,
pharmatech,1,
"garnet biotherapeutics, inc.",1,
gem pharmaceuticals,1,
"gaymar industries, inc.",1,
"gb002, inc., a wholly owned subsidiary of gossamer bio, inc.",1,
pharmacyclics switzerland gmbh,1,
kinetic muscles,1,
pharmabiotix inc,1,
"gelesis, inc.",1,
george clinical pty ltd,1,
geropharm,1,
gesellschaft für therapieforschung mbh,1,
kensey nash corporation,1,
grape king bio ltd.,1,
"kerastem technologies, llc",1,
pangenetics uk limited,1,
"pamlab, l.l.c.",1,
"palo alto health sciences, inc.",1,
"pacira cryotech, inc., a wholly owned subsidiary of pacira biosciences, inc.",1,
"parapatch, inc",1,
oxthera,1,
"grünenthal, s.a.",1,
gsk vaccines institute for global health s.r.l.,1,
"owlet baby care, inc.",1,
ovid therapeutics inc.,1,
ovesco endoscopy ag,1,
"keryx / aoi pharmaceuticals, inc.",1,
gp-pharm,1,
"mochida pharmaceutical company, ltd.",1,
patientmpower ltd.,1,
"gi stimulation, inc.",1,
gi view ltd.,1,
gicare pharma inc.,1,
"pegus research, inc.",1,
pearson/clinical assessment,1,
pathway medical technologies inc.,1,
moleculight inc.,1,
"global isotopes, llc d/b/a zevacor molecular",1,
"patholase, inc.",1,
parke-davis,1,
"glytech, inc",1,
ocon medical ltd.,1,
ideo,1,
ocera therapeutics,1,
"ocean spray cranberries, inc.",1,
isarna therapeutics gmbh,1,
"mtrap, inc.",1,
"isomark, llc",1,
"ist gmbh, germany",1,
"istari oncology, inc.",1,
"isu abxis co., ltd.",1,
"neurosigma, inc.",1,
"itamar-medical, israel",1,
"iterum therapeutics, international limited",1,
neuronix ltd,1,
"neurometrix, inc.",1,
neurohealing pharmaceuticals inc.,1,
neurogesx,1,
"neurocentria, inc.",1,
irrimax corporation,1,
"new jersey regenerative institute, llc",1,
new river pharmaceuticals,1,
invitrox,1,
"intromedic co., ltd.",1,
nexstim ltd,1,
invado pharmaceuticals llc,1,
nexan inc,1,
inviragen inc.,1,
invivo therapeutics,1,
"ir technology, llc",1,
ion channel innovations,1,
newron pharmaceuticals spa,1,
iperboreal pharma srl,1,
newlink genetics corporation,1,
iqvia pty ltd,1,
mucosal therapeutics,1,
"neurelis, inc.",1,
mundipharma oy,1,
"jdp therapeutics, inc.",1,
nanopass technologies ltd,1,
"nanology, llc",1,
mylan laboratories,1,
"myriad therapeutics, inc.",1,
janssen-ortho llc,1,
"jcyte, inc",1,
jennerex biotherapeutics,1,
"nanospectra biosciences, inc.",1,
jennifer streza,1,
jerini ag,1,
"jiangsu hengrui medicine co., ltd.",1,
"jiangsu kanion pharmaceutical co., ltd",1,
jn-international medical corporation,1,
"john, george, m.d.",1,
nanoshift llc,1,
"nantcell, inc.",1,
neuravi inc.,1,
mundipharma research gmbh & co kg,1,
neuralieve,1,
janssen cilag n.v./s.a.,1,
janssen inc.,1,
nephron pharmaceuticals corporation,1,
mundipharma pharmaceuticals sdn. bhd.,1,
neosurgical limited,1,
"neos therapeutics, inc",1,
"neogenix, llc dba ogenix",1,
johnson & johnson medical companies,1,
mylan bertek pharmaceuticals,1,
"ndi medical, llc",1,
naviscan pet systems,1,
"natreon, inc.",1,
intrapump infusion systems,1,
"nicox ophthalmics, inc.",1,
"juno therapeutics, inc.",1,
ntc srl,1,
incentahealth,1,
"incline therapeutics, inc.",1,
"nueva vida, inc.",1,
index pharmaceuticals,1,
"ntk enterprises, inc.",1,
"infinity pharmaceuticals, inc.",1,
imsmed incorporated,1,
"inflexxion, inc.",1,
"nsa, llc",1,
"infrascan, inc.",1,
inion oy,1,
injeq ltd,1,
nowarta biopharma inc,1,
"nutech medical, inc",1,
"imprimis pharmaceuticals, inc.",1,
innocoll,1,
nycomed germany gmbh,1,
igy inc.,1,
"obalon therapeutics, inc.",1,
"illuminoss medical, inc.",1,
image technologies inc.,1,
imbiotechnologies ltd.,1,
immodulon therapeutics ltd,1,
"nuvo-group, ltd.",1,
"nutramax laboratories, inc.",1,
kaneka pharma america llc,1,
immupharma,1,
nutrition science partners limited,1,
"impaq international, llc.",1,
"nutricia, inc.",1,
innervo technology llc,1,
innogene kalbiotech pte. ltd,1,
"interhealth nutraceuticals, inc.",1,
integrated medical development,1,
nono inc.,1,
intact vascular,1,
monte verde sa,1,
nobel pharmaceuticals,1,
"noah rosenberg, md",1,
integral orthopedics inc.,1,
nitric solutions inc.,1,
northsea therapeutics b.v.,1,
jw pharmaceutical,1,
"intekrin therapeutics, inc.",1,
"intelligent automation, inc.",1,
"interaxon, inc.",1,
"juvent, inc",1,
north china pharmaceutical group corporation,1,
notal vision ltd,1,
innomed healthscience inc.,1,
inoveon corporation,1,
innoture ltd,1,
monitorcro,1,
"innovative clinical research, inc.",1,
novotech (australia) pty limited,1,
novogi,1,
inotek pharmaceuticals corporation,1,
"novmetapharma co., ltd.",1,
monosol rx,1,
"novel anti-infective technologies, llc",1,
novate medical,1,
institut pasteur,1,
novaliq gmbh,1,
"pharmbio korea co., ltd.",1,
phcc lp,1,
second sight medical products,1,
danisco,1,
reprotect inc,1,
"depuy, inc.",1,
reprixys pharmaceutical corporation,1,
repolar ltd.,1,
replicor inc.,1,
"renovia, inc.",1,
"renibus therapuetics, inc.",1,
renew medical,1,
laboratoire innotech international,1,
dey,1,
"dfb soria, llc",1,
"dgd research, inc.",1,
"remedy pharmaceuticals, inc.",1,
diamyd medical ab,1,
"repurposed therapeutics, inc.",1,
laboratoires mayoly spindler,1,
respirerx,1,
dbv technologies,1,
"rinovum women's health, inc.",1,
"rhodes pharmaceuticals, l.p.",1,
"rf surgical systems, inc.",1,
david van sickle,1,
davita clinical research,1,
"laboratories leon farma, s.a.",1,
rex bionics plc,1,
"respironics, california, inc.",1,
reviva pharmaceuticals,1,
"deka medical, inc.",1,
deltanoid pharmaceuticals,1,
medac gmbh,1,
"restoration robotics, inc.",1,
restech srl,1,
diffusion pharmaceuticals inc,1,
digital cognition technologies,1,
"relievant medsystems, inc.",1,
dune medical devices,1,
dr. paul f. gratzer,1,
recordati rare diseases,1,
"draeger medical, inc",1,
dsm ltd,1,
reciprocal labs,1,
duchesnay inc.,1,
microbio co ltd,1,
dr. joseph griffin,1,
reading scientific services ltd.,1,
raziel therapeutics ltd.,1,
dyax corp.,1,
"dynasplint systems, inc.",1,
microport crm,1,
rapid pathogen screening,1,
dr. loges & co. gmbh,1,
dimension research,1,
labo'life,1,
"reliant technologies, inc. mountain view, ca",1,
metabolic solutions inc.,1,
rehab-robotics company limited,1,
metriopharm ag,1,
regenera pharma ltd,1,
"dong-a pharmaceutical co., ltd.",1,
dr. august wolff gmbh & co. kg arzneimittel,1,
"dong-a st co., ltd.",1,
donjoy orthotics,1,
dorsavi ltd,1,
"reflexion health, inc.",1,
"dp clinical, inc.",1,
"dpt laboratories, ltd.",1,
"danone asia pacific holdings pte, ltd.",1,
dainippon sumitomo pharma america,1,
philips electronics nederland b.v. acting through philips cto organization,1,
"merrion pharmaceuticals, llc",1,
labtec gmbh,1,
correvio international sarl,1,
labstyle innovations ltd.,1,
cosmeta,1,
sarah cannon,1,
"sapheon, inc.",1,
"sanuwave, inc.",1,
santen oy,1,
cpex pharmaceuticals inc.,1,
credit valley eyecare,1,
cropper medical,1,
crospon,1,
sanol gmbh,1,
cornerstone therapeutics inc.,1,
"cormatrix cardiovascular, inc.",1,
corixa corporation,1,
coopersurgical inc.,1,
cook endoscopy,1,
lafrancol s.a.,1,
"scynexis, inc.",1,
cook japan incorporated,1,
"scolr pharma, inc.",1,
sciton,1,
"sbi pharmaceuticals co, ltd.",1,
scipharm sàrl,1,
scion neurostim,1,
scientific intake limited co.,1,
"corestem, inc.",1,
sciencebased health,1,
scandinavian biopharma ab,1,
cryopraxis criobiologia ltda.,1,
"cryothermic systems, inc.",1,
sandstone diagnostics,1,
cytos biotechnology ag,1,
cytacoat ab,1,
laboratorios andromaco s.a.,1,
"rox medical, inc.",1,
rovi pharmaceuticals laboratories,1,
"cytopharm, inc.",1,
"cytopherx, inc",1,
cytovac a/s,1,
da volterra,1,
daewoong pharmaceutical co. ltd.,1,
routin sa,1,
roche diagnostics,1,
daiichi sankyo taiwan ltd.,1,
"laboratorios del dr. esteve, s.a.",1,
cyclomedica australia pty limited,1,
sanaria inc.,1,
"curis, inc.",1,
"cti-1, llc",1,
"saladax biomedical, inc.",1,
cupola medical ltd,1,
merlion pharmaceuticals gmbh,1,
curevac ag,1,
rxfunction inc.,1,
rs medical,1,
rvw clinical consulting,1,
cv therapeutics,1,
"cvrx, inc.",1,
cyberderm inc.,1,
"rules-based medicine, inc.",1,
"cyclacel pharmaceuticals, inc.",1,
rainier therapeutics,1,
"ea pharma co., ltd.",1,
"kyowa hakko kogyo co., ltd.",1,
eyetech pharmaceuticals,1,
f2g ltd.,1,
"facial concepts, inc.",1,
fallon clinic,1,
farmos oy,1,
faron pharmaceuticals ltd,1,
fast biomedical,1,
"fenwal, inc.",1,
"ferndale laboratories, inc.",1,
"podimetrics, inc.",1,
ferring arzneimittel gmbh,1,
"pnp therapeutics, inc.",1,
fertilitech inc.,1,
pnn medical a/s,1,
"eyeon therapeutics, inc.",1,
"eyemarker systems, inc",1,
"eyegate pharmaceuticals, inc.",1,
"konan medical, inc.",1,
"europharma, inc.",1,
evangelisches krankenhaus lutherhaus ggmbh,1,
korea otsuka international asia arab,1,
preventice,1,
"pressure profile systems, inc.",1,
prescient surgical,1,
precision life sciences group,1,
eyefree assisting communication ltd,1,
"preceptis medical, inc.",1,
examination management services inc.,1,
pom wonderful llc,1,
polichem s.a.,1,
exthera medical corporation,1,
eye care and cure,1,
mills da,1,
pluristem ltd.,1,
finnsusp ltd.,1,
phytoceutica,1,
foxhollow technologies,1,
"fraunhofer, center for molecular biotechnology",1,
fresca medical,1,
pierre fabre dermatology,1,
"piedmont pharmaceuticals, llc",1,
"kjt group, inc.",1,
"mindframe, inc.",1,
pierre fabre laboratories,1,
"photopharmics, inc.",1,
phosphate therapeutics,1,
"phonak ag, switzerland",1,
futura medical developments ltd.,1,
gaba international ag,1,
"mirabilis medica, inc.",1,
foundation medicine,1,
pinnacle biologics inc.,1,
finox ag,1,
foamix ltd.,1,
plethora solutions ltd,1,
fkd therapies oy,1,
"miltenyi biotec, inc.",1,
"flowmedica, inc.",1,
flowonix medical,1,
fontem ventures bv,1,
piramal enterprises limited,1,
fonterra research centre,1,
"foot levelers, inc.",1,
"pixel velocity, inc. / epsilon imaging",1,
pivotal s.l.,1,
piramal imaging limited,1,
piramal healthcare canada ltd,1,
eurolens research,1,
eurocine vaccines ab,1,
pro top & mediking company limited,1,
"puricore, inc.",1,
q2 solutions,1,
"electrical geodesics, inc.",1,
q-pharm pty limited,1,
"electronic waveform lab, inc.",1,
kremers urban development company,1,
"eleos, inc.",1,
pulsion medical systems,1,
el. en. spa,1,
elminda ltd,1,
embil pharmaceutical co. ltd,1,
pulsar vascular,1,
emd serono canada inc.,1,
pulmonx international sàrl,1,
"microvention, inc.",1,
"qiagen gaithersburg, inc",1,
"qidong gaitianli medicines co., ltd",1,
"emmaus medical, inc.",1,
ebs technologies gmbh,1,
echosens,1,
"econometrica, inc.",1,
radiancy,1,
microport orthopedics inc.,1,
"edgemont pharmaceuticals, llc",1,
effice servicios para la investigacion s.l.,1,
"qingdao shengbang pharmaceutical co., ltd.",1,
"r&g pharma studies co.,ltd.",1,
"kyorin pharmaceutical co.,ltd",1,
que oncology,1,
"zyppah, inc.",1,
pulmokine inc.,1,
emoted,1,
profil institut für stoffwechselforschung gmbh,1,
"korea ucb co., ltd.",1,
epic imaging,1,
protalix,1,
"epiep, inc.",1,
epiphany biosciences,1,
protaffin biotechnologie ag,1,
erytech pharma,1,
esight corporation,1,
kos pharmaceuticals,1,
proqr therapeutics,1,
midwest fertility specialists,1,
essity hygiene and health ab,1,
"promentis pharmaceuticals, inc.",1,
etherna immunotherapies,1,
proinnovera gmbh,1,
"protechsure scientific, inc.",1,
"proteonomix, inc.",1,
ems,1,
psivida limited,1,
pulmocide ltd,1,
"encore vision, inc.",1,
encorium,1,
pulmatrix inc.,1,
endoaid,1,
"endocare, inc.",1,
endogastric solutions,1,
"proteus digital health, inc.",1,
endosense,1,
entasis therapeutics,1,
provectus pharmaceuticals,1,
"entrinsic health solutions, inc.",1,
envisia therapeutics,1,
envoy medical corporation,1,
