,name,count,matched_f,Ticker_f,source_f
0,glaxosmithkline,1704,glaxosmithkline,GSK,Stoxx
1,merck sharp & dohme corp.,1357,merck co,MRK,Russell
2,pfizer,1239,pfizer,PFE,Russell
3,eli lilly and company,1026,eli lilly,LLY,Russell
4,novartis pharmaceuticals,884,novartis,NOVN,Stoxx
5,astrazeneca,794,astrazeneca,AZN,Stoxx
6,hoffmann-la roche,621,roche par,ROG,Stoxx
7,boehringer ingelheim,584,,,
8,"genentech, inc.",501,roche par,ROG,Stoxx
9,bristol-myers squibb,475,bristol myers squibb,BMY,Russell
10,novartis,378,novartis,NOVN,Stoxx
11,takeda,352,takeda,4502,Japan
12,amgen,348,amgen,AMGN,Russell
13,bayer,339,bayer,BAYN,Stoxx
14,sanofi,330,sanofi,SAN,Stoxx
15,allergan,329,allergan,AGN,Russell
16,gilead sciences,301,gilead sciences,GILD,Russell
17,alcon research,288,alcon,ALC,Stoxx
18,shire,232,takeda,4502,Japan
19,novo nordisk a/s,209,novo nordisk,NOVO B,Stoxx
20,forest laboratories,190,allergan,AGN,Russell
21,"millennium pharmaceuticals, inc.",169,takeda,4502,Japan
22,eisai inc.,162,eisai,4523,Japan
23,"merck kgaa, darmstadt, germany",155,merck co,MRK,Russell
24,"sanofi pasteur, a sanofi company",155,sanofi,SAN,Stoxx
25,celgene,152,bristol myers squibb,BMY,Russell
26,teva pharmaceuticals usa,148,teva adr,TEVA,Russell
27,celgene corporation,143,bristol myers squibb,BMY,Russell
28,"janssen research & development, llc",142,johnson johnson,JNJ,Russell
29,"genzyme, a sanofi company",140,sanofi,SAN,Stoxx
30,abbvie,135,abbvie,ABBV,Russell
31,"johnson & johnson vision care, inc.",128,johnson johnson,JNJ,Russell
32,novartis vaccines,124,novartis,NOVN,Stoxx
33,abbott,124,abbott laboratories,ABT,Russell
34,ucb pharma,120,ucb,UCB,Stoxx
35,medimmune llc,116,astrazeneca,AZN,Stoxx
36,regeneron pharmaceuticals,113,regeneron,REGN,Russell
37,boston scientific corporation,112,boston scientific,BSX,Russell
38,wyeth is now a wholly owned subsidiary of pfizer,106,pfizer,PFE,Russell
39,abbott medical devices,101,abbott laboratories,ABT,Russell
40,"bausch health americas, inc.",91,bausch,BHC,Russell
41,biogen,89,biogen,BIIB,Russell
42,"otsuka pharmaceutical development & commercialization, inc.",89,otsuka,4578,Japan
43,"otsuka pharmaceutical development & commercialization, inc.",89,otsuka,4768,Japan
44,ferring pharmaceuticals,87,,,
45,"otsuka pharmaceutical co., ltd.",85,otsuka,4578,Japan
46,"otsuka pharmaceutical co., ltd.",85,otsuka,4768,Japan
47,astellas pharma inc,83,astellas,4503,Japan
48,sunovion,81,dainippon sumitomo,4506,Japan
49,"johnson & johnson pharmaceutical research & development, l.l.c.",80,johnson johnson,JNJ,Russell
50,bausch & lomb incorporated,80,bausch,BHC,Russell
51,h. lundbeck a/s,76,h lundbeck,LUN,Stoxx
52,bial - portela c s.a.,76,,,
53,"daiichi sankyo, inc.",73,daiichi sankyo,4568,Japan
54,"abbvie (prior sponsor, abbott)",72,abbvie,ABBV,Russell
55,ipsen,71,ipsen,IPN,Stoxx
56,mitsubishi tanabe pharma corporation,70,mitsubishi chemical,4188,Japan
57,viiv healthcare,70,glaxosmithkline,GSK,Stoxx
58,vertex pharmaceuticals incorporated,69,vertex,VRTX,Russell
59,ge healthcare,68,general electric,GE,Russell
60,"coopervision, inc.",65,,,
61,medtronic cardiac rhythm and heart failure,64,medtronic,MDT,Russell
62,emd serono,64,merck co,MRK,Russell
63,cephalon,62,teva adr,TEVA,Russell
64,"teva branded pharmaceutical products, r&d inc.",61,teva adr,TEVA,Russell
65,medtronic - mitg,59,medtronic,MDT,Russell
66,medtronic,58,medtronic,MDT,Russell
67,schering-plough,57,merck co,MRK,Russell
68,mallinckrodt,57,mallinckrodt,MNK,Russell
69,leo pharma,55,,,
70,baxter healthcare corporation,52,baxter,BAX,Russell
71,alexion pharmaceuticals,50,alexion,ALXN,Russell
72,coloplast a/s,49,coloplast,COLO B,Stoxx
73,cubist pharmaceuticals llc,48,merck co,MRK,Russell
74,incyte corporation,48,incyte,INCY,Russell
75,ciba vision,48,novartis,NOVN,Stoxx
76,galderma,47,nestle,NESN,Stoxx
77,actelion,45,johnson johnson,JNJ,Russell
78,"eisai co., ltd.",45,eisai,4523,Japan
79,csl behring,44,csl,CSL,Australia
80,parexel,43,,,
81,"quintiles, inc.",42,iqvia,IQV,Russell
82,baxalta now part of shire,42,takeda,4502,Japan
83,"mutual pharmaceutical company, inc.",42,,,
84,"the emmes company, llc",41,,,
85,"centocor, inc.",41,johnson johnson,JNJ,Russell
86,grünenthal gmbh,41,,,
87,purdue pharma lp,40,,,
88,shionogi,38,shionogi,4507,Japan
89,"stiefel, a gsk company",38,glaxosmithkline,GSK,Stoxx
90,endo pharmaceuticals,37,endo,ENDP,Russell
91,roche pharma ag,37,roche par,ROG,Stoxx
92,medtronic endovascular,36,medtronic,MDT,Russell
93,osi pharmaceuticals,36,osi,OSIS,Russell
94,janssen pharmaceutical k.k.,36,johnson johnson,JNJ,Russell
95,zimmer biomet,35,zimmer biomet,ZBH,Russell
96,ascensia diabetes care,35,,,
97,biomarin pharmaceutical,35,biomarin,BMRN,Russell
98,repros therapeutics inc.,34,allergan,AGN,Russell
99,c. r. bard,34,becton dickinson,BDX,Russell
100,colgate palmolive,34,colgatepalmolive,CL,Russell
101,ppd,34,,,
102,acorda therapeutics,33,acorda,ACOR,Russell
103,"alkermes, inc.",32,alkermes,ALKS,Russell
104,w.l.gore & associates,32,,,
105,medtronic diabetes,31,medtronic,MDT,Russell
106,"galderma laboratories, l.p.",30,nestle,NESN,Stoxx
107,jazz pharmaceuticals,30,jazz,JAZZ,Russell
108,cumberland pharmaceuticals,30,,,
109,"american regent, inc.",29,daiichi sankyo,4568,Japan
110,procter and gamble,29,procter gamble,PG,Russell
111,"ortho-mcneil janssen scientific affairs, llc",29,johnson johnson,JNJ,Russell
112,masimo corporation,29,masimo,MASI,Russell
113,abbott medical optics,29,abbott laboratories,ABT,Russell
114,pharmacyclics llc.,29,abbvie,ABBV,Russell
115,philips respironics,28,koninklijke philips,PHIA,Stoxx
116,"takeda pharmaceuticals north america, inc.",28,takeda,4502,Japan
117,gw pharmaceuticals ltd.,27,,,
118,"seattle genetics, inc.",27,seattle genetics,SGEN,Russell
119,molnlycke health care ab,27,,,
120,"pacira pharmaceuticals, inc",26,,,
121,warner chilcott,26,,,
122,healthpoint,26,,,
123,united therapeutics,26,united,UTX,Russell
124,united therapeutics,26,united,UTHR,Russell
125,"daiichi sankyo co., ltd.",26,daiichi sankyo,4568,Japan
126,ethicon endo-surgery,25,,,
127,"hospira, now a wholly owned subsidiary of pfizer",25,,,
128,"pearl therapeutics, inc.",25,,,
129,"biosense webster, inc.",24,,,
130,halozyme therapeutics,24,halozyme,HALO,Russell
131,taro pharmaceuticals usa,24,,,
132,grifols therapeutics llc,24,grifols,GRF,Stoxx
133,medtronic bakken research center,24,,,
134,"janssen korea, ltd., korea",24,,,
135,avid radiopharmaceuticals,24,,,
136,r-pharm,23,,,
137,otsuka america pharmaceutical,23,,,
138,"merz north america, inc.",23,,,
139,erchonia corporation,23,,,
140,the medicines company,23,,,
141,"astellas pharma us, inc.",22,,,
142,sandoz,22,,,
143,"ethicon, inc.",22,,,
144,3m,21,3m,MMM,Russell
145,octapharma,21,,,
146,guerbet,21,,,
147,"astellas pharma global development, inc.",21,,,
148,edwards lifesciences,21,edwards lifesciences,EW,Russell
149,cook group incorporated,20,,,
150,johnson & johnson consumer and personal products worldwide,20,,,
151,"amylin pharmaceuticals, llc.",20,,,
152,"medivation, inc.",20,,,
153,q-med ab,20,,,
154,eisai limited,20,eisai,4523,Japan
155,seqirus,20,,,
156,"horizon pharma ireland, ltd., dublin ireland",19,,,
157,aventis pharmaceuticals,19,,,
158,teva pharmaceutical industries,19,,,
159,medtronicneuro,19,,,
160,pra health sciences,19,pra sciences,PRAH,Russell
161,"puma biotechnology, inc.",19,puma biotechnology,PBYI,Russell
162,meda pharmaceuticals,19,,,
163,"vivus, inc.",19,,,
164,watson pharmaceuticals,18,,,
165,biocad,18,,,
166,"janssen scientific affairs, llc",18,,,
167,janssen-cilag international nv,18,,,
168,actavis inc.,18,,,
169,lexicon pharmaceuticals,18,lexicon,LXRX,Russell
170,menarini group,18,,,
171,amicus therapeutics,18,amicus,FOLD,Russell
172,us oncology research,18,,,
173,swedish orphan biovitrum,18,swedish orphan biovitrum,SOBI,Stoxx
174,"spectrum pharmaceuticals, inc",17,spectrum,SPPI,Russell
175,merz pharmaceuticals gmbh,17,,,
176,pharmamar,17,,,
177,reckitt benckiser llc,17,reckitt benckiser,RB.,Stoxx
178,alk-abelló a/s,17,,,
179,stryker orthopaedics,17,,,
180,labopharm inc.,17,,,
181,"bracco diagnostics, inc",17,,,
182,medtronic cardiovascular,17,,,
183,laboratorios sophia s.a de c.v.,17,,,
184,"ulthera, inc",17,,,
185,gedeon richter ltd.,16,,,
186,ucb japan co. ltd.,16,,,
187,solvay pharmaceuticals,16,solvay,SOLB,Stoxx
188,indivior inc.,16,,,
189,philip morris products s.a.,16,,,
190,"acelrx pharmaceuticals, inc.",16,acelrx,ACRX,Russell
191,institut straumann ag,16,,,
192,depuy orthopaedics,16,,,
193,"alexza pharmaceuticals, inc.",16,,,
194,medtronic vascular,15,,,
195,"medivation llc, a wholly owned subsidiary of pfizer inc.",15,,,
196,ucb pharma sa,15,ucb,UCB,Stoxx
197,"smith & nephew, inc.",15,smith nephew,SN.,Stoxx
198,"ironwood pharmaceuticals, inc.",15,ironwood,IRWD,Russell
199,resmed,15,resmed,RMD,Russell
200,dentsply sirona implants,15,,,
201,acclarent,15,,,
202,dendreon,15,,,
203,ultragenyx pharmaceutical inc,15,ultragenyx,RARE,Russell
204,crucell holland bv,15,,,
205,sanofi-synthelabo,14,,,
206,electrocore inc,14,electrocore,ECOR,Russell
207,"alcon, a novartis company",14,,,
208,valneva austria gmbh,14,,,
209,"tibotec pharmaceuticals, ireland",14,,,
210,"sucampo pharma americas, llc",14,,,
211,"aegerion pharmaceuticals, inc.",14,,,
212,"ardea biosciences, inc.",14,,,
213,biodelivery sciences international,14,biodelivery sciences,BDSI,Russell
214,"kci usa, inc.",14,,,
215,"medpace, inc.",14,medpace,MEDP,Russell
216,"ionis pharmaceuticals, inc.",14,ionis,IONS,Russell
217,ono pharmaceutical co. ltd,14,,,
218,janssen pharmaceuticals,14,,,
219,"aclaris therapeutics, inc.",14,aclaris,ACRS,Russell
220,kythera biopharmaceuticals,14,,,
221,theravance biopharma,13,theravance biopharma,TBPH,Russell
222,depomed,13,,,
223,covance,13,,,
224,"rockwell medical technologies, inc.",13,rockwell,RMTI,Russell
225,emergent biosolutions,13,emergent biosolutions,EBS,Russell
226,ucb biosciences gmbh,13,,,
227,abbott diabetes care,13,,,
228,mannkind corporation,13,mannkind,MNKD,Russell
229,integra lifesciences corporation,13,integra lifesciences,IART,Russell
230,"ora, inc.",13,,,
231,galderma r&d,13,,,
232,gw research ltd,13,,,
233,"horizon pharma usa, inc.",13,,,
234,fisher and paykel healthcare,13,,,
235,"rho, inc.",12,,,
236,"ucb biosciences, inc.",12,,,
237,"sprout pharmaceuticals, inc",12,,,
238,aerie pharmaceuticals,12,aerie,AERI,Russell
239,ucb biopharma s.p.r.l.,12,,,
240,merrimack pharmaceuticals,12,,,
241,veloxis pharmaceuticals,12,,,
242,apopharma,12,,,
243,"amag pharmaceuticals, inc.",12,amag,AMAG,Russell
244,human genome sciences inc.,12,,,
245,i3 statprobe,12,,,
246,rigel pharmaceuticals,12,rigel,RIGL,Russell
247,"instituto grifols, s.a.",12,,,
248,debiopharm international sa,12,,,
249,elan pharmaceuticals,12,,,
250,janssen r&d ireland,12,,,
251,premier research group plc,11,premier,PFBI,Russell
252,premier research group plc,11,premier,PINC,Russell
253,xeris pharmaceuticals,11,xeris,XERS,Russell
254,"biotronik, inc.",11,,,
255,"ortho biotech, inc.",11,,,
256,"map pharmaceuticals, inc., a wholly owned subsidiary of allergan",11,,,
257,insys therapeutics inc,11,,,
258,portola pharmaceuticals,11,portola,PTLA,Russell
259,"samsung bioepis co., ltd.",11,,,
260,"xenoport, inc.",11,,,
261,"dusa pharmaceuticals, inc.",11,,,
262,medtronic spinal and biologics,11,,,
263,laboratoires thea,11,,,
264,"kyowa kirin co., ltd.",11,,,
265,"iroko pharmaceuticals, llc",11,,,
266,"flexion therapeutics, inc.",11,flexion,FLXN,Russell
267,colucid pharmaceuticals,11,,,
268,conatus pharmaceuticals inc.,11,,,
269,"opko health, inc.",11,opko,OPK,Russell
270,affymax,11,,,
271,insmed incorporated,11,,,
272,"melinta therapeutics, inc.",11,,,
273,"promius pharma, llc",11,,,
274,"tibotec therapeutics, a division of ortho biotech products, l.p., usa",11,,,
275,astellas pharma europe b.v.,11,,,
276,xian-janssen pharmaceutical ltd.,10,,,
277,"dexcom, inc.",10,dexcom,DXCM,Russell
278,can-fite biopharma,10,,,
279,acacia pharma ltd,10,acacia,ACTG,Russell
280,lantheus medical imaging,10,,,
281,"church & dwight company, inc.",10,church dwight,CHD,Russell
282,mundipharma korea ltd,10,,,
283,johnson & johnson consumer inc. (j&jci),10,,,
284,"therapeutics, inc.",10,,FFBC,Russell
285,"therapeutics, inc.",10,,FBP,Russell
286,"therapeutics, inc.",10,,STBA,Russell
287,"therapeutics, inc.",10,,DNOW,Russell
288,"therapeutics, inc.",10,,FBNC,Russell
289,"therapeutics, inc.",10,,NBHC,Russell
290,"therapeutics, inc.",10,,NRC,Russell
291,"therapeutics, inc.",10,,TBBK,Russell
292,"therapeutics, inc.",10,,BFC,Russell
293,"therapeutics, inc.",10,,FNLC,Russell
294,"therapeutics, inc.",10,,FRBA,Russell
295,intersect ent,10,intersect ent,XENT,Russell
296,"dermira, inc.",10,,,
297,"regenesis biomedical, inc.",10,,,
298,symbio pharmaceuticals,10,,,
299,dr. reddy's laboratories limited,10,,,
300,icon clinical research,10,,,
301,ibsa institut biochimique sa,10,,,
302,"human genome sciences inc., a gsk company",10,,,
303,exalenz bioscience ltd.,10,,,
304,"onyx therapeutics, inc.",10,,,
305,photocure,10,,,
306,pharmacosmos a/s,10,,,
307,genmab,10,genmab,GMAB,Stoxx
308,gi dynamics,10,,,
309,"teva pharmaceutical industries, ltd.",10,,,
310,"graceway pharmaceuticals, llc",10,,,
311,cordis corporation,9,,,
312,duramed research,9,,,
313,"progenics pharmaceuticals, inc.",9,progenics,PGNX,Russell
314,"synthes usa hq, inc.",9,,,
315,thrombogenics,9,,,
316,santhera pharmaceuticals,9,,,
317,synta pharmaceuticals corp.,9,,,
318,"idera pharmaceuticals, inc.",9,,,
319,syneron medical,9,,,
320,keryx biopharmaceuticals,9,,,
321,antares pharma inc.,9,antares,ATRS,Russell
322,helsinn healthcare sa,9,,,
323,vanda pharmaceuticals,9,vanda,VNDA,Russell
324,cti biopharma,9,,,
325,terumo bct,9,,,
326,johnson & johnson,9,johnson johnson,JNJ,Russell
327,"becton, dickinson and company",9,becton dickinson,BDX,Russell
328,threshold pharmaceuticals,9,,,
329,locemia solutions ulc,9,,,
330,tibotec pharmaceutical limited,9,,,
331,dompé farmaceutici s.p.a,9,,,
332,arrowhead pharmaceuticals,9,arrowhead,ARWR,Russell
333,sunovion respiratory development inc.,9,,,
334,pozen,9,,,
335,"ortho biotech clinical affairs, l.l.c.",9,,,
336,hill-rom,9,hill rom,HRC,Russell
337,cochlear,9,cochlear,COH,Australia
338,materia medica holding,9,,,
339,johnson & johnson taiwan ltd,9,,,
340,"janssen alzheimer immunotherapy research & development, llc",9,,,
341,"st. renatus, llc",9,,,
342,"bayer healthcare pharmaceuticals, inc./bayer schering pharma",9,,,
343,medline industries,9,,,
344,mundipharma (china) pharmaceutical co. ltd,9,,,
345,perrigo company,9,perrigo,PRGO,Russell
346,kowa research europe,9,,,
347,achieve life sciences,9,,,
348,halyard health,9,,,
349,"kastle therapeutics, llc",9,,,
350,exelixis,9,exelixis,EXEL,Russell
351,ablynx,8,,,
352,"orexigen therapeutics, inc",8,,,
353,onxeo,8,,,
354,"almirall, s.a.",8,,,
355,"tkl research, inc.",8,,,
356,lifecell,8,,,
357,fresenius medical care north america,8,,,
358,"sucampo pharmaceuticals, inc.",8,,,
359,stallergenes greer,8,,,
360,acadia pharmaceuticals inc.,8,acadia,ACAD,Russell
361,acadia pharmaceuticals inc.,8,acadia,AKR,Russell
362,agile therapeutics,8,,,
363,acerta pharma bv,8,,,
364,defence research and development canada,8,,,
365,"janssen, lp",8,,,
366,sun pharma advanced research company limited,8,,,
367,bavarian nordic,8,,,
368,mylan inc.,8,mylan,MYL,Russell
369,diurnal limited,8,,,
370,janssen pharmaceutica,8,,,
371,thoratec corporation,8,,,
372,"santen pharmaceutical co., ltd.",8,,,
373,"janssen-cilag ltd.,thailand",8,,,
374,intercept pharmaceuticals,8,intercept,ICPT,Russell
375,advanced circulatory systems,8,,,
376,chelsea therapeutics,8,,,
377,"relypsa, inc.",8,,,
378,windtree therapeutics,8,,,
379,alnylam pharmaceuticals,8,alnylam,ALNY,Russell
380,bioverativ therapeutics inc.,8,,,
381,mcm vaccines b.v.,8,,,
382,allergan medical,8,allergan,AGN,Russell
383,medtronic surgical technologies,8,,,
384,"abbott japan co.,ltd",8,,,
385,philips healthcare,8,,,
386,"ocular therapeutix, inc.",8,ocular therapeutix,OCUL,Russell
387,"vertos medical, inc.",8,,,
388,protein sciences corporation,8,,,
389,richmond pharmacology limited,7,,,
390,insightec,7,,,
391,"kissei pharmaceutical co., ltd.",7,,,
392,emissary international llc,7,,,
393,noven therapeutics,7,,,
394,"verastem, inc.",7,,,
395,alimera sciences,7,,,
396,eisai korea inc.,7,,,
397,nycomed,7,,,
398,american medical systems,7,american,AIG,Russell
399,american medical systems,7,american,FAF,Russell
400,american medical systems,7,american,AFG,Russell
401,triligent international,7,,,
402,"clarus therapeutics, inc.",7,clarus,CLAR,Russell
403,"kowa research institute, inc.",7,,,
404,amgen research (munich) gmbh,7,,,
405,hexal ag,7,,,
406,plexxikon,7,,,
407,sun pharma global fze,7,,,
408,tap pharmaceutical products inc.,7,,,
409,"grifols biologicals, llc",7,,,
410,ariad pharmaceuticals,7,,,
411,wellspect healthcare,7,,,
412,tracon pharmaceuticals inc.,7,,,
413,"aveo pharmaceuticals, inc.",7,,,
414,"synteract, inc.",7,,,
415,"orion corporation, orion pharma",7,,,
416,"tibotec, inc",7,,,
417,"hologic, inc.",7,hologic,HOLX,Russell
418,braintree laboratories,7,,,
419,sunesis pharmaceuticals,7,,,
420,integrated therapeutics group,7,,,
421,cosmo technologies ltd,7,,,
422,stryker neurovascular,7,,,
423,cochlear bone anchored solutions,7,,,
424,fougera pharmaceuticals inc.,7,,,
425,"astex pharmaceuticals, inc.",7,,,
426,hollister incorporated,7,,,
427,acrotech biopharma llc,7,,,
428,"mcneil consumer healthcare division of mcneil-ppc, inc.",7,,,
429,dentsply international,7,,,
430,depuy spine,6,,,
431,quatrx pharmaceuticals,6,,,
432,"elcelyx therapeutics, inc.",6,,,
433,corcept therapeutics,6,corcept,CORT,Russell
434,chugai pharmaceutical,6,chugai,4519,Japan
435,"clovis oncology, inc.",6,clovis oncology,CLVS,Russell
436,biomarin/genzyme llc,6,,,
437,atos medical ab,6,,,
438,"myriad genetic laboratories, inc.",6,,,
439,acerus pharmaceuticals corporation,6,cerus,CERS,Russell
440,egalet ltd,6,,,
441,depuy international,6,,,
442,"dsm nutritional products, inc.",6,,,
443,mcneil ab,6,,,
444,karyopharm therapeutics inc,6,karyopharm,KPTI,Russell
445,"cougar biotechnology, inc.",6,,,
446,"cortice biosciences, inc.",6,,,
447,nobelpharma,6,,,
448,"aciex therapeutics, inc.",6,,,
449,icon plc,6,,,
450,simbec research,6,,,
451,medicis pharmaceutical corporation,6,,,
452,vistakon pharmaceuticals,6,,,
453,"mentor worldwide, llc",6,,,
454,"tesaro, inc.",6,,,
455,ligand pharmaceuticals,6,ligand,LGND,Russell
456,"afferent pharmaceuticals, inc.",6,,,
457,"sumitomo dainippon pharma co., ltd.",6,,,
458,lundbeck llc,6,,,
459,"philip morris usa, inc.",6,,,
460,medtronic neurovascular clinical affairs,6,,,
461,aevi genomic medicine,6,,,
462,aeterna zentaris,6,,,
463,lg life sciences,6,,,
464,organogenesis,6,organogenesis,ORGO,Russell
465,medtronic brc,6,,,
466,biovex limited,6,,,
467,abbott diagnostics division,6,,,
468,"taigen biotechnology co., ltd.",6,,,
469,peplin,6,,,
470,janssen infectious diseases bvba,6,,,
471,"zs pharma, inc.",6,,,
472,"aduro biotech, inc.",6,aduro biotech,ADRO,Russell
473,cutera inc.,6,cutera,CUTR,Russell
474,nektar therapeutics,6,nektar,NKTR,Russell
475,stryker european operations bv,6,,,
476,pierre fabre medicament,6,,,
477,icon bioscience inc,6,,,
478,"impax laboratories, llc",6,,,
479,"mirum pharmaceuticals, inc.",6,mirum,MIRM,Russell
480,"emd serono research & development institute, inc.",6,,,
481,janssen-cilag g.m.b.h,6,,,
482,neurocrine biosciences,6,neurocrine biosciences,NBIX,Russell
483,"naurex, inc, an affiliate of allergan plc",6,,,
484,navidea biopharmaceuticals,6,,,
485,"kyowa kirin pharmaceutical development, inc.",6,,,
486,cardiofocus,6,,,
487,prometheus laboratories,6,,,
488,"cypress bioscience, inc.",6,,,
489,"astellas pharma canada, inc.",6,,,
490,omeros corporation,6,omeros,OMER,Russell
491,"merck serono s.p.a., italy",6,,,
492,"merck serono s.a.s, france",6,,,
493,"merck serono s.a., geneva",6,,,
494,plx pharma,6,,,
495,"merck serono co., ltd., china",6,,,
496,ophthotech corporation,6,,,
497,"castle creek pharmaceuticals, llc",6,,,
498,neurim pharmaceuticals ltd.,5,,,
499,vidacare corporation,5,,,
500,nestlé,5,,,
501,revo biologics,5,,,
502,neovii biotech,5,,,
503,"janssen biotech, inc.",5,,,
504,medidata solutions,5,,,
505,reshape lifesciences,5,,,
506,topaz pharmaceuticals inc,5,,,
507,ferrer internacional s.a.,5,,,
508,"oncovir, inc.",5,,,
509,"fibrocell technologies, inc.",5,,,
510,optimer pharmaceuticals llc,5,,,
511,optinose us inc.,5,,,
512,"oramed, ltd.",5,,,
513,pharming technologies b.v.,5,,,
514,terumo bctbio,5,,,
515,"osprey medical, inc",5,,,
516,avanir pharmaceuticals,5,,,
517,"med institute, incorporated",5,,,
518,glenmark specialty s.a.,5,,,
519,paion uk ltd.,5,,,
520,golden biotechnology corporation,5,,,
521,parapro llc,5,,,
522,"tonix pharmaceuticals, inc.",5,,,
523,"topcon medical systems, inc.",5,,,
524,"biomed valley discoveries, inc",5,,,
525,biologische heilmittel heel gmbh,5,,,
526,"dialysis clinic, inc.",5,,,
527,integrium,5,,,
528,djo incorporated,5,,,
529,"nivalis therapeutics, inc.",5,,,
530,"recro pharma, inc.",5,recro,REPH,Russell
531,"atricure, inc.",5,atricure,ATRC,Russell
532,"institute of vaccines and medical biologicals, vietnam",5,,,
533,vifor inc.,5,vifor,VIFN,Stoxx
534,algorithme pharma inc,5,,,
535,inqpharm group,5,,,
536,innate pharma,5,,,
537,immunex corporation,5,,,
538,endoceutics inc.,5,,,
539,"enzon pharmaceuticals, inc.",5,,,
540,enzymotec,5,,,
541,mc2 therapeutics,5,,,
542,cytokinetics,5,cytokinetics,CYTK,Russell
543,"tearscience, inc.",5,,,
544,"carestream health, inc.",5,,,
545,janssen-cilag pty ltd,5,,,
546,symphogen a/s,5,,,
547,braeburn pharmaceuticals,5,,,
548,sunstar americas,5,,,
549,medtronic spine llc,5,,,
550,"sumitomo pharmaceutical (suzhou) co., ltd.",5,,,
551,"amarillo biosciences, inc.",5,,,
552,starpharma pty ltd,5,,,
553,sensimed ag,5,,,
554,biocryst pharmaceuticals,5,biocryst,BCRX,Russell
555,"shanghai microport medical (group) co., ltd.",5,,,
556,"sarepta therapeutics, inc.",5,sarepta,SRPT,Russell
557,cefaly technology,5,,,
558,motus gi medical technologies ltd,5,,,
559,laborie medical technologies inc.,5,,,
560,morphosys ag,5,morphosys,MOR,Stoxx
561,kai pharmaceuticals,5,,,
562,rti surgical,5,rti surgical,RTIX,Russell
563,"molecular insight pharmaceuticals, inc.",5,,,
564,"kinetic concepts, inc.",5,,,
565,"centocor ortho biotech services, l.l.c.",5,,,
566,"korea otsuka pharmaceutical co., ltd.",5,,,
567,"boryung pharmaceutical co., ltd",5,,,
568,miltenyi biotec b.v. & co. kg,5,,,
569,birken ag,5,,,
570,array biopharma,5,,,
571,synthetic biologics inc.,5,,,
572,targacept inc.,5,,,
573,janssen-cilag ltd.,5,,,
574,"cyberonics, inc.",5,,,
575,"tetraphase pharmaceuticals, inc.",5,,,
576,"sage products, inc.",5,,,
577,maruho europe limited,5,,,
578,synovis surgical innovations,4,,,
579,"biolinerx, ltd.",4,,,
580,laboratory corporation of america,4,laboratory america,LH,Russell
581,hutchison medipharma limited,4,,,
582,price vision group,4,,,
583,medimmune ltd,4,,,
584,anchiano therapeutics israel ltd.,4,,,
585,biotie therapies inc.,4,,,
586,"evolus, inc.",4,evolus,EOLS,Russell
587,"merck, s.l., spain",4,,,
588,hormos medical,4,,,
589,prana biotechnology limited,4,,,
590,acura pharmaceuticals inc.,4,,,
591,"vital therapies, inc.",4,,,
592,ethica clinical research inc.,4,,,
593,"celleration, inc.",4,,,
594,"oculeve, inc.",4,,,
595,"entellus medical, inc.",4,,,
596,prothena therapeutics ltd.,4,prothena,PRTA,Russell
597,"gradalis, inc.",4,,,
598,icos corporation,4,,,
599,tanox,4,,,
600,trius therapeutics llc,4,,,
601,zymogenetics,4,,,
602,celltrion,4,,,
603,laboratoire français de fractionnement et de biotechnologies,4,,,
604,metabolic solutions development company,4,,,
605,biomérieux,4,biomerieux,BIM,Stoxx
606,prologue research international,4,,,
607,olympus,4,olympus,7733,Japan
608,"catalyst pharmaceuticals, inc.",4,catalyst,CPRX,Russell
609,"catalyst pharmaceuticals, inc.",4,catalyst,HCAT,Russell
610,"acceleron pharma, inc.",4,acceleron,XLRN,Russell
611,oncotherapeutics,4,,,
612,biotronik se & co. kg,4,,,
613,oncosec medical incorporated,4,,,
614,life molecular imaging sa,4,,,
615,"tarsa therapeutics, inc.",4,,,
616,menlo therapeutics inc.,4,menlo,MNLO,Russell
617,medicis global service corporation,4,,,
618,general electric,4,general electric,GE,Russell
619,aptuit inc.,4,,,
620,philips electronics nederland bv,4,,,
621,tissue tech inc.,4,,,
622,lung biotechnology pbc,4,,,
623,zimmer dental,4,,,
624,tactile medical,4,,,
625,galil medical,4,,,
626,"gambro renal products, inc.",4,,,
627,"teva neuroscience, inc.",4,,,
628,pharmanet,4,,,
629,bionor immuno as,4,,,
630,merck ltd.,4,merck,MRK,Stoxx
631,"lexington international, llc",4,lexington,LXP,Russell
632,biofrontera bioscience gmbh,4,,,
633,"helsinn therapeutics (u.s.), inc",4,,,
634,biocompatibles uk ltd,4,,,
635,bioness inc,4,,,
636,"spirox, inc.",4,,,
637,"taiho pharmaceutical co., ltd.",4,,,
638,"merck serono co., ltd., japan",4,,,
639,hope pharmaceuticals,4,hope,HOPE,Russell
640,"forsight vision5, inc.",4,,,
641,unilever r&d,4,,,
642,medarex,4,,,
643,cardiovascular systems inc,4,cardiovascular,CSII,Russell
644,tibotec bvba,4,,,
645,"zogenix, inc.",4,zogenix,ZGNX,Russell
646,psyadon pharma,4,,,
647,cycle pharmaceuticals ltd.,4,,,
648,"biolux research holdings, inc.",4,,,
649,"janssen services, llc",4,,,
650,seikagaku corporation,4,,,
651,torrent pharmaceuticals limited,4,,,
652,nobel biocare,4,,,
653,"johnson & johnson healthcare products division of mcneil-ppc, inc.",4,,,
654,"apollo endosurgery, inc.",4,,,
655,johnson & johnson k.k. medical company,4,johnson johnson,JNJ,Russell
656,nordic bioscience a/s,4,,,
657,theracos,4,,,
658,reckitt benckiser inc.,4,reckitt benckiser,RB.,Stoxx
659,norgine,4,,,
660,"coherus biosciences, inc.",4,coherus biosciences,CHRS,Russell
661,verona pharma plc,4,,,
662,codman & shurtleff,4,,,
663,"durata therapeutics inc., an affiliate of allergan plc",4,,,
664,dynavax technologies corporation,4,dynavax,DVAX,Russell
665,"applied biology, inc.",4,,,
666,us worldmeds llc,4,,,
667,cook biotech incorporated,4,,,
668,salvat,4,,,
669,"seaspine, inc.",4,seaspine,SPNE,Russell
670,"scioderm, inc.",4,,,
671,corindus inc.,4,,,
672,"scios, inc.",4,,,
673,"mcneil consumer & specialty pharmaceuticals, a division of mcneil-ppc, inc.",4,,,
674,"coronado biosciences, inc.",4,,,
675,savient pharmaceuticals,4,,,
676,"nimbic systems, llc",4,,,
677,med-el corporation,4,,,
678,"nippon kayaku co., ltd.",4,,,
679,italfarmaco,4,,,
680,ivoclar vivadent ag,4,,,
681,cook research incorporated,4,,,
682,"janssen-ortho inc., canada",4,,,
683,"intercell usa, inc.",4,,,
684,"csa medical, inc.",4,,,
685,torax medical incorporated,4,,,
686,"baxalta innovations gmbh, now part of shire",4,,,
687,atrium medical corporation,4,,,
688,"neotract, inc.",4,,,
689,romark laboratories l.c.,4,,,
690,nusirt biopharma,4,,,
691,"transcend medical, inc.",4,,,
692,"chromaderm, inc.",4,,,
693,medicinova,4,medicinova,MNOV,Russell
694,"janssen pharmaceutica n.v., belgium",4,,,
695,b. braun medical inc.,4,,,
696,siga technologies,4,siga,SIGA,Russell
697,basilea pharmaceutica,4,,,
698,"ekr therapeutics, inc",4,,,
699,zalicus,4,,,
700,achillion pharmaceuticals,4,,,
701,aquinox pharmaceuticals (canada) inc.,4,,,
702,king pharmaceuticals is now a wholly owned subsidiary of pfizer,4,,,
703,circassia limited,4,,,
704,"klein buendel, inc.",4,,,
705,allerderm,4,,,
706,morphotek,4,,,
707,insite vision,4,,,
708,"shockwave medical, inc.",4,shockwave,SWAV,Russell
709,"minerva surgical, inc.",4,,,
710,organon,3,,,
711,mauna kea technologies,3,,,
712,neuropace,3,,,
713,macrogenics,3,macrogenics,MGNX,Russell
714,"tragara pharmaceuticals, inc.",3,,,
715,janssen-cilag farmaceutica ltda.,3,,,
716,greer laboratories,3,,,
717,"achaogen, inc.",3,,,
718,"pamlab, inc.",3,,,
719,napp pharmaceuticals limited,3,,,
720,mateon therapeutics,3,,,
721,"auspex pharmaceuticals, inc.",3,,,
722,transcept pharmaceuticals,3,,,
723,osteogenics biomedical,3,,,
724,zoll medical corporation,3,,,
725,"acufocus, inc.",3,,,
726,orfagen,3,,,
727,"adamas pharmaceuticals, inc.",3,adamas,ADMS,Russell
728,adaptimmune,3,,,
729,adc therapeutics s.a.,3,,,
730,"ivwatch, llc",3,,,
731,zosano pharma corporation,3,,,
732,jacobus pharmaceutical,3,,,
733,orthovita d/b/a stryker,3,,,
734,guided therapy systems,3,,,
735,paradigm spine,3,,,
736,orthoaccel technologies inc.,3,,,
737,"il-yang pharm. co., ltd.",3,,,
738,lifescan,3,,,
739,"invion, inc.",3,,,
740,"novus therapeutics, inc",3,,,
741,xenon pharmaceuticals inc.,3,,,
742,jss medical research inc.,3,,,
743,oncoethix gmbh,3,,,
744,"humanigen, inc.",3,,,
745,"momenta pharmaceuticals, inc.",3,momenta,MNTA,Russell
746,molmed s.p.a.,3,,,
747,hvivo,3,,,
748,"hypnalgesics, llc",3,,,
749,astellas pharma europe ltd.,3,,,
750,"oncomed pharmaceuticals, inc.",3,,,
751,nupathe inc.,3,,,
752,inc research limited,3,,FFBC,Russell
753,inc research limited,3,,FBP,Russell
754,inc research limited,3,,STBA,Russell
755,inc research limited,3,,DNOW,Russell
756,inc research limited,3,,FBNC,Russell
757,inc research limited,3,,NBHC,Russell
758,inc research limited,3,,NRC,Russell
759,inc research limited,3,,TBBK,Russell
760,inc research limited,3,,BFC,Russell
761,inc research limited,3,,FNLC,Russell
762,inc research limited,3,,FRBA,Russell
763,"aragon pharmaceuticals, inc.",3,,,
764,xanodyne pharmaceuticals,3,,,
765,trimeris,3,,,
766,"kyowa hakko kirin pharma, inc.",3,,,
767,"immunogen, inc.",3,immunogen,IMGN,Russell
768,obstetrix medical group,3,,,
769,medgenics medical israel ltd.,3,,,
770,johnson & johnson pte ltd,3,,,
771,intermune,3,,,
772,tusker medical,3,,,
773,lycera corp.,3,,,
774,nabriva therapeutics ag,3,,,
775,orexo ab,3,,,
776,"hemcon medical technologies, inc",3,,,
777,"janssen-cilag, s.a.",3,,,
778,hepatera ltd.,3,,,
779,orapharma,3,,,
780,mead johnson nutrition,3,,,
781,menarini international operations luxembourg sa,3,,,
782,"tobira therapeutics, inc.",3,,,
783,"menicon co., ltd.",3,,,
784,millennium: the takeda oncology company,3,,,
785,merck frosst canada ltd.,3,,,
786,"xoft, inc.",3,,,
787,"johnson & johnson consumer products company division of johnson & johnson consumer companies, inc.",3,,,
788,"leadiant biosciences, inc.",3,,,
789,insulet corporation,3,insulet,PODD,Russell
790,"novadaq technologies ulc, now a part of stryker",3,,,
791,"tesorx pharma, llc",3,,,
792,"photozig, inc.",3,,,
793,paratek pharmaceuticals inc,3,paratek,PRTK,Russell
794,alere wellbeing,3,,,
795,celldex therapeutics,3,,,
796,ekos corporation,3,,,
797,viralytics,3,,,
798,celtic pharma development services,3,,,
799,bio2 medical,3,,,
800,"radius health, inc.",3,radius,RDUS,Russell
801,earlens corporation,3,,,
802,e-therapeutics plc,3,,,
803,solta medical,3,,,
804,centocor bv,3,,,
805,solstice neurosciences,3,,,
806,dupont nutrition and health,3,,,
807,reckitt benckiser healthcare (uk) limited,3,,,
808,soligenix,3,,,
809,"centocor research & development, inc.",3,,,
810,redhill biopharma limited,3,,,
811,ception therapeutics,3,,,
812,"q-med scandinavia, inc.",3,,,
813,"amphastar pharmaceuticals, inc.",3,amphastar,AMPH,Russell
814,prima biomed ltd,3,,,
815,celerion,3,,,
816,"proacta, incorporated",3,,,
817,"canyon pharmaceuticals, inc.",3,canon,7751,Japan
818,progen pharmaceuticals,3,,,
819,prollenium medical technologies inc.,3,,,
820,"promedior, inc.",3,,,
821,estetra,3,,,
822,"essential medical, inc.",3,,,
823,capstone therapeutics,3,,,
824,"cara therapeutics, inc.",3,cara,CARA,Russell
825,enzyvant therapeutics gmbh,3,,,
826,standard homeopathic company,3,,,
827,alcobra ltd.,3,,,
828,"cardiva medical, inc.",3,,,
829,"spr therapeutics, inc.",3,,,
830,"encore medical, l.p.",3,,,
831,spectranetics corporation,3,,,
832,spear pharmaceuticals,3,,,
833,dong wha pharmaceutical co. ltd.,3,,,
834,"regenerx biopharmaceuticals, inc.",3,eiger biopharmaceuticals,EIGR,Russell
835,dimagi inc.,3,,,
836,"uroplasty, inc",3,,,
837,currax pharmaceuticals,3,,,
838,siemens medical solutions,3,,,
839,s.l.a. pharma ag,3,,,
840,sage therapeutics,3,sage,SAGE,Russell
841,sage therapeutics,3,sage,SGE,Stoxx
842,baylis medical company,3,,,
843,veroscience,3,,,
844,sandoz gmbh,3,,,
845,"beech tree labs, inc.",3,,,
846,cross research s.a.,3,,,
847,santen inc.,3,santen,4536,Japan
848,cosmetique active international,3,,,
849,cook myosite,3,,,
850,shield therapeutics,3,,,
851,conjuchem,3,,,
852,concordia laboratories inc.,3,,,
853,clinuvel pharmaceuticals limited,3,,,
854,"cogcubed, corp",3,,,
855,"rundo international pharmaceutical research & development co.,ltd.",3,,,
856,cytogen corporation,3,,,
857,viamet,3,,,
858,"reveragen biopharma, inc.",3,,,
859,chemgenex pharmaceuticals,3,,,
860,chiltern international inc.,3,,,
861,"sirtris, a gsk company",3,,,
862,sirtex medical,3,,,
863,therapeuticsmd,3,therapeuticsmd,TXMD,Russell
864,"chirhoclin, inc.",3,,,
865,chong kun dang pharmaceutical,3,,,
866,chongqing jiachen biotechnology ltd.,3,,,
867,roche-genentech,3,,,
868,applied genetic technologies corp,3,,,
869,silk road medical,3,silk road,SILK,Russell
870,datamap,3,,,
871,rhizen pharmaceuticals sa,3,,,
872,"sierra oncology, inc.",3,,,
873,siemens molecular imaging,3,,,
874,"daiichi sankyo europe, gmbh, a daiichi sankyo company",3,,,
875,"vascular solutions, inc",3,,,
876,ambu a/s,3,ambu,AMBU B,Stoxx
877,biotest pharmaceuticals corporation,3,,,
878,pharmacia and upjohn,3,,,
879,forum pharmaceuticals inc,3,forum,FET,Russell
880,"avedro, inc.",3,,,
881,biom'up france sas,3,,,
882,"teikoku pharma usa, inc.",3,,,
883,"tactile systems technology, inc.",3,tactile technology,TCMD,Russell
884,"pioneer surgical technology, inc.",3,,,
885,"tallikut pharmaceuticals, inc.",3,,,
886,blue earth diagnostics,3,,,
887,fresenius biotech north america,3,,,
888,biomimetic therapeutics,3,,,
889,biostable science & engineering,3,,,
890,fresenius kabi,3,,,
891,anormed,3,,,
892,glenmark pharmaceuticals ltd. india,3,,,
893,"pharmajet, inc.",3,,,
894,avantis medical systems,3,,,
895,genta incorporated,3,,,
896,"taris biomedical, inc.",3,,,
897,"breathe technologies, inc.",3,,,
898,"us biotest, inc.",3,,,
899,"bonti, inc.",3,,,
900,"furiex pharmaceuticals, inc",3,,,
901,philips oral healthcare,3,,,
902,bioprotection systems corporation,3,,,
903,"foresight regulatory strategies, inc.",3,,,
904,globus medical inc,3,globus,GMED,Russell
905,"thymon, llc",3,,,
906,camurus ab,3,,,
907,anthera pharmaceuticals,3,,,
908,preglem sa,3,,,
909,terumo medical corporation,3,terumo,4543,Japan
910,stryker south pacific,3,,,
911,"biohorizons, inc.",3,,,
912,advanced bionics,3,,,
913,sucampo ag,3,,,
914,biotest,3,,,
915,pascoe pharmazeutische praeparate gmbh,3,,,
916,penumbra inc.,3,penumbra,PEN,Russell
917,biotronik ag,3,,,
918,"taiho oncology, inc.",3,,,
919,calcivis ltd,3,,,
920,"avinger, inc.",3,,,
921,geistlich pharma ag,3,,,
922,andromeda biotech ltd.,3,,,
923,kinamed incorporated,2,,,
924,angiotech pharmaceuticals,2,,,
925,kgk science inc.,2,,,
926,biota scientific management pty ltd,2,,,
927,accovion gmbh,2,,,
928,"anhui zhifei longcom biologic pharmacy co., ltd.",2,,,
929,ames technology,2,game technology,IGT,Russell
930,chiron corporation,2,,,
931,ardelyx,2,ardelyx,ARDX,Russell
932,kessler institute for rehabilitation,2,,,
933,candela corporation,2,,,
934,bioprotect,2,,,
935,"biopharmx, inc.",2,,,
936,"johnson & johnson medical, china",2,,,
937,bioiberica,2,,,
938,"clinstar, llc",2,,,
939,"clinphone, inc.",2,,,
940,biolab sanus farmaceutica,2,,,
941,acell inc.,2,,,
942,clinlogix. llc,2,,,
943,jubilant innovation ltd.,2,,,
944,bio-k plus international inc.,2,,,
945,"juniper pharmaceuticals, inc.",2,uniper,UN01,Stoxx
946,clinipace worldwide,2,,,
947,"clindatrix, inc.",2,,,
948,mds pharma services,2,,,
949,kadmon pharmaceuticals,2,kadmon,KDMN,Russell
950,biomedizinische forschungs gmbh,2,,,
951,"biomet orthopedics, llc",2,,,
952,clear guide medical,2,,,
953,"angiodynamics, inc.",2,angiodynamics,ANGO,Russell
954,"karl storz endoscopy-america, inc.",2,,,
955,bionorica se,2,,,
956,cj healthcare corporation,2,,,
957,"kamada, ltd.",2,amada,6113,Japan
958,"kowa company, ltd.",2,,,
959,"arbor pharmaceuticals, inc.",2,,,
960,aspreva pharmaceuticals,2,,,
961,celladon corporation,2,,,
962,btr group,2,,,
963,"laguna pharmaceuticals, inc.",2,,,
964,lambda therapeutic research ltd.,2,,,
965,"catheter robotics, inc.",2,,,
966,landeskrankenanstalten-betriebsgesellschaft,2,,,
967,"cas medical systems, inc.",2,,,
968,amderma,2,,,
969,"carl zeiss meditec, inc.",2,carl zeiss meditec,AFX,Stoxx
970,carefusion,2,,,
971,"lumara health, inc.",2,,,
972,"leaf healthcare, inc.",2,,,
973,livanova,2,livanova,LIVN,Russell
974,lipocine inc.,2,,,
975,aspireo pharmaceuticals limited,2,,,
976,cardialysis bv,2,,,
977,"linical co., ltd.",2,,,
978,ascendis pharma a/s,2,,,
979,"capnia, inc.",2,,,
980,"lifewatch services, inc.",2,,,
981,"calhoun vision, inc.",2,,,
982,libbs farmacêutica ltda,2,,,
983,"calibra medical, inc.",2,,,
984,"asahi kasei medical co., ltd.",2,,,
985,laboratorios ordesa,2,,,
986,king systems corporation,2,,,
987,bsn medical inc,2,,,
988,"aronora, inc.",2,,,
989,kitov pharma ltd,2,,,
990,chiesi farmaceutici s.p.a.,2,,,
991,"kolon tissuegene, inc.",2,,,
992,"charleston laboratories, inc",2,,,
993,cetylite industries,2,,,
994,cangene corporation,2,,,
995,"kowa pharmaceuticals america, inc.",2,,,
996,bioventus llc,2,,,
997,"bio-tech pharmacal, inc.",2,,,
998,kudos pharmaceuticals limited,2,,,
999,bluebird bio,2,bluebird bio,BLUE,Russell
1000,"arrinex, inc.",2,,,
1001,braincells inc.,2,,,
1002,abiomed inc.,2,abiomed,ABMD,Russell
1003,mabxience s.a,2,,,
1004,"breg, inc",2,,,
1005,"anges usa, inc.",2,,,
1006,celsion,2,,,
1007,accelovance,2,,,
1008,cellvizio inc.,2,,,
1009,androscience corp,2,,,
1010,laboratorio elea s.a.c.i.f. y a.,2,,,
1011,"lannett company, inc.",2,lannett,LCI,Russell
1012,"cytodyn, inc.",2,,,
1013,ambit biosciences corporation,2,,,
1014,axovant sciences ltd.,2,,,
1015,fate therapeutics,2,fate,FATE,Russell
1016,acromion gmbh,2,,,
1017,fertility biotech ag,2,,,
1018,fibrogen,2,fibrogen,FGEN,Russell
1019,"foresee pharmaceuticals co., ltd.",2,,,
1020,home skinovations ltd.,2,,,
1021,aurobindo pharma ltd,2,,,
1022,"foundation for physical therapy, inc.",2,,,
1023,fresenius kabi swissbiosim gmbh,2,,,
1024,hill top research,2,hilltop,HTH,Russell
1025,"fujifilm kyowa kirin biologics co., ltd.",2,,,
1026,"ausio pharmaceuticals, llc",2,,,
1027,"fujifilm medical systems usa, inc.",2,,,
1028,"fujifilm toyama chemical co., ltd.",2,,,
1029,heron therapeutics,2,heron,HRTX,Russell
1030,eximo medical ltd.,2,,,
1031,air liquide santé international,2,,,
1032,immune control,2,,,
1033,"horizon therapeutics, llc",2,horizon,FHN,Russell
1034,idorsia pharmaceuticals ltd.,2,,,
1035,"epd solutions, a philips company",2,,,
1036,epicept corporation,2,,,
1037,"akili interactive labs, inc.",2,,,
1038,esanex inc.,2,,,
1039,essex pharma gmbh,2,,,
1040,i-flow,2,,,
1041,"airxpanders, inc.",2,,,
1042,"aires pharmaceuticals, inc.",2,,,
1043,ever neuro pharma gmbh,2,,,
1044,"evidence-based practice institute, seattle, wa",2,,,
1045,evofem inc.,2,,,
1046,hra pharma,2,,,
1047,evoke pharma,2,,,
1048,exact imaging,2,,,
1049,"gage development company, llc",2,,,
1050,galapagos nv,2,galapagos,GLPG,Stoxx
1051,gamida cell ltd,2,,,
1052,"ganeden biotech, inc.",2,,,
1053,"advantage dental services, llc",2,,,
1054,getz pharma,2,,,
1055,"advanced life sciences, inc.",2,,,
1056,glaukos corporation,2,glaukos,GKOS,Russell
1057,guidant corporation,2,,,
1058,"adma biologics, inc.",2,adma biologics,ADMA,Russell
1059,"guangzhou bioseal biotechnology co., ltd.",2,,,
1060,gtx,2,,,
1061,globeimmune,2,,,
1062,ground zero pharmaceuticals,2,,,
1063,advance biofactures corporation,2,,,
1064,advanced accelerator applications,2,,,
1065,"glycotex, inc.",2,,,
1066,green cross corporation,2,,,
1067,green cross cell corporation,2,,,
1068,h2o clinical llc,2,,,
1069,haemonetics corporation,2,haemonetics,HAE,Russell
1070,gensight biologics,2,,,
1071,hatchtech pty ltd,2,,,
1072,gardia medical,2,,,
1073,aesca pharma gmbh,2,,,
1074,heat biologics,2,,,
1075,aerin medical,2,,,
1076,"gen-probe, incorporated",2,,,
1077,actegy ltd.,2,,,
1078,harvest technologies,2,,,
1079,"genomind, llc",2,,,
1080,hansa biopharma ab,2,,,
1081,genepoc,2,,,
1082,hanmi pharmaceutical company limited,2,hanmi,HAFC,Russell
1083,"hanlim pharm. co., ltd.",2,,,
1084,"generic devices consulting, inc.",2,,,
1085,generon (shanghai) corporation ltd.,2,,,
1086,"entera health, inc",2,,,
1087,encube ethicals pvt. ltd.,2,,,
1088,comentis,2,,,
1089,danone research,2,danone,BN,Stoxx
1090,"jan medical, inc.",2,,,
1091,ixchelsis limited,2,,,
1092,davita dialysis,2,,,
1093,baxter innovations gmbh,2,,,
1094,ivfarma llc,2,,,
1095,"ivantis, inc.",2,,,
1096,"itf research pharma, s.l.u.",2,,,
1097,aptevo biotherapeutics,2,,,
1098,isofol medical ab,2,,,
1099,depuy mitek,2,,,
1100,"aquesys, inc.",2,,,
1101,"athersys, inc",2,athersys,ATHX,Russell
1102,depuy synthes,2,,,
1103,"intuor technologies, inc.",2,,,
1104,intertek,2,intertek,ITRK,Stoxx
1105,"data & inference, inc.",2,,,
1106,great lakes neurotechnologies inc.,2,,,
1107,b. braun ltd. centre of excellence infection control,2,,,
1108,"acessa health, inc.",2,,,
1109,"berg, llc",2,,,
1110,convatec inc.,2,convatec,CTEC,Stoxx
1111,"benu biopharma, llc",2,,,
1112,"cook ireland, ltd.",2,,,
1113,"altimmune, inc.",2,,,
1114,corbus pharmaceuticals inc.,2,corbus,CRBP,Russell
1115,janssen-cilag s.p.a.,2,,,
1116,corimmun gmbh,2,,,
1117,corin,2,,,
1118,"asthmatx, inc.",2,,,
1119,"behavioral health services, inc.",2,,,
1120,"covidien, gi solutions",2,,,
1121,astora women's health,2,,,
1122,janssen sciences ireland uc,2,,,
1123,curetech ltd,2,,,
1124,"allegro ophthalmics, llc",2,,,
1125,international biophysics corporation,2,,,
1126,dermagen ab,2,,,
1127,"deroyal industries, inc.",2,,,
1128,innovive pharmaceuticals,2,,,
1129,innovative neurotronics,2,,,
1130,"innovation pharmaceuticals, inc.",2,,,
1131,infraredx,2,,,
1132,"infacare pharmaceuticals corporation, a mallinckrodt company",2,,,
1133,auritec pharmaceuticals,2,,,
1134,ind 2 results llc,2,,,
1135,eleison pharmaceuticals llc.,2,,,
1136,aldagen,2,,,
1137,"elira therapeutics, inc.",2,,,
1138,"alcresta therapeutics, inc.",2,,,
1139,imperial tobacco group plc,2,,,
1140,ellman international,2,,,
1141,immuron ltd.,2,,,
1142,"immunomedics, inc.",2,immunomedics,IMMU,Russell
1143,basilea pharmaceutica international ltd,2,,,
1144,eip pharma inc,2,,,
1145,"align technology, inc.",2,align technology,ALGN,Russell
1146,intarcia therapeutics,2,,,
1147,destiny pharma plc,2,,,
1148,devilbiss healthcare llc,2,,,
1149,"dipexium pharmaceuticals, inc.",2,,,
1150,dmg dental material gesellschaft mbh,2,,,
1151,dow pharmaceutical sciences,2,,,
1152,"intas pharmaceuticals, ltd.",2,cintas,CTAS,Russell
1153,dr. falk pharma gmbh,2,,,
1154,eden sarl,2,,,
1155,aptevo therapeutics,2,,,
1156,aptiv solutions,2,,,
1157,instituto bioclon s.a. de c.v.,2,,,
1158,dynatherm medical inc.,2,,,
1159,"auris medical, inc.",2,,,
1160,ecri bv,2,,,
1161,"devicefarm, inc.",2,,,
1162,"zz biotech, llc",2,,,
1163,meda pharma gmbh & co. kg,2,,,
1164,quercegen pharmaceuticals,2,,,
1165,qlt inc.,2,,,
1166,"pursuit vascular, inc.",2,,,
1167,"purdue pharma, canada",2,,,
1168,pulmonx corporation,2,,,
1169,ptc therapeutics,2,ptc,PTCT,Russell
1170,ptc therapeutics,2,ptc,PTC,Russell
1171,proto pharma ltd,2,,,
1172,proteon therapeutics,2,,,
1173,proswell medical corporation,2,,,
1174,pronova biopharma,2,,,
1175,"pricara, unit of ortho-mcneil, inc.",2,,,
1176,prep biopharm limited,2,,,
1177,"pneumrx, inc.",2,,,
1178,pledpharma ab,2,,,
1179,"pico-tesla magnetic therapies, llc",2,,,
1180,pht corporation,2,,,
1181,philips medical systems,2,phillips,PSX,Russell
1182,pharmavite llc,2,,,
1183,qps-qualitix,2,,,
1184,ra pharmaceuticals,2,ra,RARX,Russell
1185,"myriad genetics, inc.",2,myriad genetics,MYGN,Russell
1186,"radius pharmaceuticals, inc.",2,radius,RDUS,Russell
1187,salient surgical technologies,2,,,
1188,salient pharmaceuticals incorporated,2,,,
1189,s*bio,2,,,
1190,roxane laboratories,2,,,
1191,roxall medicina españa s.a,2,,,
1192,robert lodder,2,,,
1193,rex medical,2,,,
1194,"revision optics, inc.",2,,,
1195,"respicardia, inc.",2,,,
1196,"rempex (a wholly owned subsidiary of melinta therapeutics, inc.)",2,,,
1197,reliant pharmaceuticals,2,reliant,RBNC,Russell
1198,"regentree, llc",2,,,
1199,"refocus group, inc.",2,,,
1200,red de terapia celular,2,,,
1201,recepta biopharma,2,,,
1202,rebiotix inc.,2,,,
1203,raptor pharmaceuticals corp.,2,,,
1204,pharmasyntez,2,,,
1205,pharmacia,2,,,
1206,pharma consulting group ab,2,,,
1207,pergamum ab,2,,,
1208,novartis korea ltd.,2,,,
1209,"novadigm therapeutics, inc.",2,,,
1210,"nonin medical, inc",2,,,
1211,"nitric biotherapeutics, inc",2,,,
1212,nihon kohden,2,,,
1213,"nielsen biosciences, inc.",2,,,
1214,"nextgen biologics, inc.",2,,,
1215,next science tm,2,,,
1216,"neurotrope bioscience, inc.",2,,,
1217,neurobiological technologies,2,,,
1218,neuraxon inc.,2,,,
1219,"neothetics, inc",2,,,
1220,"neosync, inc.",2,,,
1221,"neostrata company, inc.",2,,,
1222,"neodyne biosciences, inc.",2,,,
1223,"nema research, inc.",2,,,
1224,nearmedic plus llc,2,,,
1225,novum pharmaceutical research services,2,,,
1226,nuvo research inc.,2,,,
1227,"olympus america, inc.",2,,,
1228,palatin technologies,2,palatin,PTN,Russell
1229,peptcell limited,2,,,
1230,pepsico global r&d,2,,,
1231,"pelvalon, inc.",2,,,
1232,"pellepharm, inc.",2,,,
1233,parion sciences,2,,,
1234,"paracor medical, inc",2,,,
1235,"par pharmaceutical, inc.",2,,,
1236,otto bock healthcare,2,,,
1237,olympus biotech corporation,2,,,
1238,"otonomy, inc.",2,,,
1239,osmotica pharmaceutical us llc,2,,,
1240,orbusneich,2,,,
1241,"opko ip holdings ii, inc.",2,,,
1242,ony,2,,,
1243,ono pharma usa inc,2,,,
1244,olympus corporation,2,olympus,7733,Japan
1245,"santalis pharmaceuticals, inc.",2,,,
1246,savara inc.,2,savara,SVRA,Russell
1247,"savvysherpa, inc.",2,,,
1248,texas oncology cancer center,2,,,
1249,upsher-smith laboratories,2,,,
1250,unicorn pacific corporation,2,union pacific,UNP,Russell
1251,ucb s.a. - pharma sector,2,,,
1252,"ucb korea co., ltd.",2,,,
1253,tyrogenex,2,,,
1254,tyco healthcare group,2,,,
1255,"twi biotechnology, inc.",2,,,
1256,tva medical inc.,2,,,
1257,"tris pharma, inc.",2,,,
1258,trident life sciences ltd.,2,,,
1259,"tornier, inc.",2,,,
1260,topical remedy,2,,,
1261,"tiziana life sciences, plc",2,,,
1262,tillotts pharma ag,2,,,
1263,theravasc inc.,2,,,
1264,theratechnologies,2,,,
1265,the vaccine company,2,,,
1266,uromedica,2,,,
1267,"vapotherm, inc.",2,vapotherm,VAPO,Russell
1268,vasopharm gmbh,2,,,
1269,wcct global,2,,,
1270,zipline medical inc.,2,,,
1271,ziemer ophthalmic systems ag,2,,,
1272,"zetroz, inc.",2,,,
1273,"xlumena, inc.",2,,,
1274,"xencor, inc.",2,xencor,XNCR,Russell
1275,william cook europe,2,,,
1276,wilex,2,,,
1277,"watson laboratories, inc.",2,,,
1278,vaxinnate corporation,2,,,
1279,"wakunaga pharmaceutical co., ltd.",2,,,
1280,vomaris innovations,2,,,
1281,vitrolife,2,,,
1282,"vgx pharmaceuticals, llc",2,,,
1283,vericel corporation,2,vericel,VCEL,Russell
1284,venus concept,2,,,
1285,vectura limited,2,,,
1286,the gid group,2,,,
1287,teva women's health,2,,,
1288,"seaside therapeutics, inc.",2,,,
1289,tetralogic pharmaceuticals,2,,,
1290,"spinal restoration, inc.",2,,,
1291,"sorin group usa, inc.",2,,,
1292,sorbent therapeutics,2,,,
1293,sonitus medical inc,2,,,
1294,"somna therapeutics, l.l.c.",2,,,
1295,smithkline beecham,2,,,
1296,"sk chemicals co., ltd.",2,,,
1297,"sirion therapeutics, inc.",2,,,
1298,sinusys corporation,2,,,
1299,sigma-tau i.f.r. s.p.a.,2,,,
1300,siemens medical solutions usa - csg,2,,,
1301,shionogi inc.,2,shionogi,4507,Japan
1302,"shenzhen kangtai biological products co., ltd",2,,,
1303,"sfj pharmaceuticals, inc.",2,,,
1304,"seres therapeutics, inc.",2,seres,MCRB,Russell
1305,sequential medicine ltd,2,,,
1306,sentrx,2,,,
1307,spirig pharma ltd.,2,,,
1308,sponsor name pending,2,,,
1309,sri international,2,,,
1310,sysmex inostics gmbh,2,,,
1311,tercica,2,,,
1312,teoxane sa,2,,,
1313,tengion,2,,,
1314,teleflex,2,teleflex,TFX,Russell
1315,"tedec-meiji farma, s.a.",2,,,
1316,"tal medical, inc.",2,,,
1317,taisho pharmaceutical r&d inc.,2,,,
1318,syne qua non limited,2,,,
1319,stem cell therapeutics corp.,2,,,
1320,syndax pharmaceuticals,2,syndax,SNDX,Russell
1321,"supernus pharmaceuticals, inc.",2,supernus,SUPN,Russell
1322,"suneva medical, inc.",2,,,
1323,sun pharmaceutical industries limited,2,,,
1324,stryker instruments,2,,,
1325,"stratatech, a mallinckrodt company",2,,,
1326,stereotaxis,2,,,
1327,nabi biopharmaceuticals,2,,,
1328,kureha corporation,2,,,
1329,mylan gmbh,2,mylan,MYL,Russell
1330,motif bio,2,,,
1331,"meiji seika pharma co., ltd.",2,,,
1332,"merit medical systems, inc.",2,merit,MMSI,Russell
1333,"microvention-terumo, inc.",2,,,
1334,microtransponder inc.,2,,,
1335,momelan technologies,2,,,
1336,mereo biopharma,2,,,
1337,mundipharma pte ltd.,2,,,
1338,"merck s.a. de c.v., mexico",2,,,
1339,medpass international,2,,,
1340,"midnight pharma, llc",2,,,
1341,merz aesthetics inc.,2,,,
1342,msd korea ltd.,2,,,
1343,molecular partners ag,2,,,
1344,micell technologies,2,,,
1345,mylan pharmaceuticals,2,mylan,MYL,Russell
1346,medivir,2,,,
1347,"merck pte. ltd., singapore",2,,,
1348,"medifast, inc.",2,medifast,MED,Russell
1349,"memgen, llc",2,,,
1350,"medtronic xomed, inc.",2,,,
1351,"tandem diabetes care, inc.",1,tandem diabetes care,TNDM,Russell
1352,takara bio inc.,1,,,
1353,"bioverativ, a sanofi company",1,,,
1354,biontech diagnostics gmbh,1,,,
1355,targovax oy,1,,,
1356,"t3d therapeutics, inc.",1,,,
1357,biosense webster emea,1,,,
1358,"taewoong medical co., ltd.",1,,,
1359,taimed biologics inc.,1,,,
1360,"mei pharma, inc.",1,mei,MEIP,Russell
1361,taiwan liposome company,1,,,
1362,biothera,1,,,
1363,targeted medical pharma,1,,,
1364,"takeda canada, inc.",1,,,
1365,"biostat international, inc.",1,,,
1366,target health inc.,1,target,TGT,Russell
1367,biosante pharmaceuticals,1,,,
1368,biosceptre,1,,,
1369,tangible science,1,,,
1370,biospecifics technologies corp.,1,biospecifics,BSTC,Russell
1371,"lkc technologies, inc.",1,,,
1372,biosynexus incorporated,1,,,
1373,"biosuccess biotech co., ltd.",1,,,
1374,synthon bv,1,,,
1375,biostata,1,,,
1376,"mynosys cellular devices, inc.",1,,,
1377,bolton medical,1,,,
1378,synthes inc.,1,,,
1379,"synermore biologics co., ltd.",1,,,
1380,bright research partners,1,,,
1381,"bristlecone behavioral health, inc.",1,,,
1382,"bristlecone health, inc.",1,,,
1383,lina xu,1,,,
1384,britannia pharmaceuticals ltd.,1,,,
1385,"brooklyn immunotherapeutics, llc",1,,,
1386,light sciences oncology,1,,,
1387,bsn-jobst inc.,1,,,
1388,member companies of the opioid pmr consortium,1,,,
1389,burroughs wellcome,1,,,
1390,summit therapeutics,1,summit,SMMF,Russell
1391,"c2 therapeutics, inc.",1,,,
1392,c8sciences,1,,,
1393,"cala health, inc.",1,,,
1394,"caladrius biosciences, inc.",1,,,
1395,bridgepoint medical,1,,,
1396,"surgiquest, inc.",1,,,
1397,"surgsolutions, llc",1,,,
1398,"boston biomedical, inc",1,,,
1399,synergy research inc.,1,,,
1400,bluewind medical,1,,,
1401,synergy pharmaceuticals pte. ltd.,1,,,
1402,tarix pharmaceuticals,1,,,
1403,"lipimetix development, llc",1,,,
1404,"mela sciences, inc.",1,,,
1405,synapse bv,1,,,
1406,breakthrough therapeutics,1,,,
1407,boston scientific japan k.k.,1,,,
1408,bostwick laboratories,1,,,
1409,symplmed pharmaceuticals llc,1,,,
1410,symbion research international,1,,,
1411,symbiomix therapeutics,1,,,
1412,swedish match ab,1,swedish match,SWMA,Stoxx
1413,bionovo,1,,,
1414,biondvax pharmaceuticals ltd.,1,,,
1415,"tasly pharmaceuticals, inc.",1,,,
1416,bionomics limited,1,,,
1417,"betta pharmaceuticals co., ltd.",1,,,
1418,beximco,1,,,
1419,the hershey company,1,,,
1420,bio sidus sa,1,,,
1421,lundbeck canada inc.,1,,,
1422,"bio-medical research, ltd.",1,,,
1423,the dial corporation,1,,,
1424,tfs trial form support,1,,,
1425,bioaegis therapeutics inc.,1,,,
1426,bioaffinity technologies inc.,1,,,
1427,bioblast pharma ltd.,1,,,
1428,lumenis ltd.,1,,,
1429,biocodex,1,,,
1430,texas enterosorbents incorporated,1,,,
1431,medy-tox,1,,,
1432,berner oy,1,,,
1433,bernafon ag,1,,,
1434,"berlin heart, inc",1,,,
1435,bcn peptides,1,,,
1436,baxter bioscience,1,,,
1437,theragen inc.,1,,,
1438,theradex,1,,,
1439,theraclion,1,,,
1440,"therabron therapeutics, inc.",1,,,
1441,"therabracelet, inc.",1,,,
1442,therabel pharma sa/nv,1,,,
1443,the litebook company ltd.,1,,,
1444,bedford pharmaceuticals,1,,,
1445,the taub group,1,,,
1446,bellicum pharmaceuticals,1,,,
1447,"benechill, inc",1,,,
1448,the smartpill corporation,1,,,
1449,"benvenue medical, inc.",1,,,
1450,"lpath, inc.",1,,,
1451,"biodesix, inc.",1,,,
1452,bioelectronics corporation,1,,,
1453,"tear film innovations, inc.",1,,,
1454,"lma north america, inc.",1,,,
1455,"telcare, inc",1,,,
1456,"teijin america, inc.",1,,,
1457,biomedical systems,1,,,
1458,"llc merck, russia",1,,,
1459,"biomet biologics, llc",1,,,
1460,tcm biotech international corp.,1,,,
1461,"tenax therapeutics, inc.",1,,,
1462,biomoda inc.,1,,,
1463,tautona group,1,,,
1464,stryker spine,1,,,
1465,taurx therapeutics ltd,1,,,
1466,bioness neuromodulation,1,,,
1467,bioniche life sciences inc.,1,,,
1468,telefónica s.a.,1,telefonica,TEF,Stoxx
1469,"tenaxis medical, inc.",1,,,
1470,bioenvision,1,,,
1471,bioglane,1,,,
1472,"biofabri, s.l",1,,,
1473,"biofire diagnostics, llc",1,,,
1474,tessella inc.,1,,,
1475,biogaia ab,1,,,
1476,terumo cvs,1,,,
1477,"biogenics research chamber, llc",1,,,
1478,terra biological llc,1,,,
1479,"biologics, inc.",1,,,
1480,loreal usa,1,,,
1481,bioincept llc,1,,,
1482,mego afek ltd.,1,,,
1483,lobsor pharmaceuticals ab,1,,,
1484,"biolite, inc.",1,,,
1485,biolitec pharma ltd.,1,,,
1486,sugardown company limited,1,,,
1487,"cancer prevention pharmaceuticals, inc.",1,,,
1488,stryker nordic,1,,,
1489,"calosyn pharma, inc.",1,,,
1490,"simmersion, llc",1,immersion,IMMR,Russell
1491,"christie medical holdings, inc.",1,,,
1492,sigvaris corporation,1,,,
1493,"chrysantis, inc.",1,,,
1494,"signalrx pharmaceuticals, inc.",1,,,
1495,ldr spine usa,1,,,
1496,"cianna medical, inc.",1,,,
1497,sifi spa,1,,,
1498,cinnagen,1,,,
1499,cipher pharmaceuticals inc.,1,,,
1500,"siesta medical, inc.",1,,,
1501,lawley pharmaceuticals,1,,,
1502,claret medical,1,,,
1503,siemens healthcare diagnostics inc,1,,,
1504,"siemens corporation, corporate technology",1,,,
1505,sintesi research srl,1,,,
1506,"merck serono gmbh, germany",1,,,
1507,"leading biosciences, inc",1,,,
1508,"chemigen, llc",1,,,
1509,chadwick optical inc.,1,,,
1510,channel medsystems,1,,,
1511,"chase pharmaceuticals corporation, an affiliate of allergan plc",1,,,
1512,"chek-med systems, inc.",1,chemed,CHE,Russell
1513,smilesonica inc.,1,,,
1514,smart medical systems ltd.,1,,,
1515,chemo france,1,,,
1516,chiltern international ltd.,1,,,
1517,"chen yi enterprise, co., ltd.",1,,,
1518,chengdu olymvax biopharmaceuticals inc.,1,,,
1519,chf solutions,1,,,
1520,"chia tai tianqing pharmaceutical group co., ltd.",1,,,
1521,"chiasma, inc.",1,chiasma,CHMA,Russell
1522,"skeletal dynamics, llc",1,,,
1523,cleveland biolabs,1,,,
1524,clever instruments s.l.,1,,,
1525,"click therapeutics, inc.",1,,,
1526,"sequella, inc.",1,,,
1527,cogenix medical corporation,1,,,
1528,cognitive research corporation,1,,,
1529,serum institute of india pvt. ltd.,1,,,
1530,"merck sp. z.o.o., poland",1,,,
1531,"collegium pharmaceutical, inc.",1,collegium,COLL,Russell
1532,lakewood-amedex inc,1,,,
1533,columbia northwest pharmaceuticals,1,,,
1534,sfj pharma ltd. ii,1,,,
1535,sepsicure,1,,,
1536,"merck spol. s r.o., slovakia",1,,,
1537,"senseonics, inc.",1,senseonics,SENS,Russell
1538,"concordia pharmaceuticals inc., barbados",1,,,
1539,"senju pharmaceutical co., ltd.",1,,,
1540,conmed corporation,1,conmed,CNMD,Russell
1541,"sewon cellontech co., ltd.",1,,,
1542,"merck services u.k. ltd, uk",1,,,
1543,"si-bone, inc.",1,si bone,SIBN,Russell
1544,merck serono norway,1,,,
1545,clinical innovations,1,,,
1546,"clinical nutrition research center, illinois institute of technology",1,,,
1547,"clinical research consultants, inc.",1,,,
1548,"shire human genetic therapies, inc.",1,,,
1549,merck serono middle east fz llc,1,,,
1550,"shin nippon biomedical laboratories, ltd.",1,,,
1551,"shanghai sundise traditional chinese medicine co., ltd.",1,,,
1552,sgs s.a.,1,sgs,SGSN,Stoxx
1553,"clinvest research, llc",1,,,
1554,clji worldwide,1,,,
1555,"cloudbreak therapeutics, llc",1,,,
1556,"shanghai greenvalley pharmaceutical co., ltd.",1,,,
1557,"cmic co, ltd. japan",1,,,
1558,cnoga medical ltd.,1,,,
1559,"snbl clinical pharmacology center, inc.",1,,,
1560,cerulean pharma inc.,1,,,
1561,cerespir,1,,,
1562,"spyryx biosciences, inc.",1,,,
1563,cardiocell llc,1,,,
1564,statistika consultoria ltda,1,,,
1565,"cardiomed device consultants, llc",1,,,
1566,cardiomems,1,,,
1567,"merck b.v., netherlands",1,,,
1568,"cardioxyl pharmaceuticals, inc",1,,,
1569,sports medicine research and testing laboratory,1,,,
1570,stealth biotherapeutics inc.,1,,,
1571,lidds ab,1,,,
1572,"carewave medical, inc.",1,,,
1573,carine beysen,1,,,
1574,"spirita oncology, llc",1,,,
1575,carotech inc.,1,,,
1576,carrick brain centers,1,,,
1577,"cardinal health 414, llc",1,,,
1578,"cardero therapeutics, inc.",1,,,
1579,"merck frosst-schering pharma, g.p.",1,,,
1580,cantex pharmaceuticals,1,,,
1581,camel-ids nv,1,,,
1582,stryker japan k.k.,1,,,
1583,"lifeway foods, inc.",1,,,
1584,canbas co. ltd.,1,,,
1585,therapix biosciences ltd.,1,,,
1586,stimgenics llc,1,,,
1587,"merck a.e., greece",1,,,
1588,cardeas pharma,1,,,
1589,"capillus, llc",1,,,
1590,"stemedica cell technologies, inc.",1,,,
1591,"capso vision, inc.",1,,,
1592,stemcentrx,1,,,
1593,"merck a/s, denmark",1,,,
1594,"carbylan therapeutics, inc.",1,,,
1595,"cartiva, inc.",1,,,
1596,"merck inc., philippines",1,,,
1597,cerephex corporation,1,,,
1598,"solae, llc",1,,,
1599,somerset pharmaceuticals,1,,,
1600,cen biotech,1,,,
1601,cenerx biopharma inc.,1,,,
1602,"centauri medical, inc.",1,,,
1603,center for psychiatry and behavioral medicine inc.,1,,,
1604,solsys medical llc,1,,,
1605,"sol-gel technologies, ltd.",1,,,
1606,"lepu medical technology (beijing) co., ltd.",1,,,
1607,"sofregen medical, inc.",1,,,
1608,sofar s.p.a.,1,,,
1609,cepheid,1,,,
1610,snoasis medical products,1,,,
1611,"cerapedics, inc",1,,,
1612,ceregene,1,,,
1613,"sommetrics, inc.",1,,,
1614,somnarus inc,1,,,
1615,catalyst biosciences,1,,,
1616,sophiris bio corp,1,,,
1617,spectral diagnostics (us) inc.,1,,,
1618,spd development company limited,1,,,
1619,caveomed gmbh,1,,,
1620,spark therapeutics,1,spark,SPKE,Russell
1621,"lfb usa, inc.",1,,,
1622,"merck oy, finland",1,,,
1623,cell genesys,1,,,
1624,"cellsight technologies, inc.",1,,,
1625,cell medica ltd,1,,,
1626,sonova ag,1,sonova,SOON,Stoxx
1627,"merck pharma, k.s., slovakia",1,,,
1628,"cellectar biosciences, inc.",1,,,
1629,"somnus therapeutics, inc.",1,,,
1630,cellpraxis bioengenharia ltda.,1,,,
1631,"theranova, l.l.c.",1,,,
1632,thermogenesis corp.,1,,,
1633,"medtronic japan co., ltd.",1,,,
1634,viracor laboratories,1,,,
1635,medigene,1,,,
1636,vital access corp.,1,,,
1637,"alan neuromedical technologies, llc",1,,,
1638,albireo,1,albireo,ALBO,Russell
1639,"vitaflo international, ltd",1,,,
1640,"vitae pharmaceuticals, inc.",1,,,
1641,visufarma spa,1,,,
1642,"vision share, inc.",1,,,
1643,visco vision inc.,1,,,
1644,alere san diego,1,,,
1645,"virtually better, inc.",1,,,
1646,alevologic llc,1,,,
1647,alex's lemonade stand foundation,1,,,
1648,viroxis corporation,1,,,
1649,viropharma,1,,,
1650,vivasure medical limited,1,,,
1651,aircast llc,1,,,
1652,viveve inc.,1,,,
1653,"aft pharmaceuticals, ltd.",1,,,
1654,"aesculap, inc.",1,,,
1655,"aesrx, llc",1,,,
1656,mc10 inc.,1,,,
1657,volcano corporation,1,,,
1658,"vnus medical technologies, a covidien company",1,,,
1659,vizuri health sciences llc,1,,,
1660,"agamatrix, inc.",1,,,
1661,air liquide sa,1,air liquide,AI,Stoxx
1662,agen biomedical,1,,,
1663,agenus inc.,1,agenus,AGEN,Russell
1664,vivid pharma inc.,1,,,
1665,"aguiflai iberica, s.l.",1,,,
1666,aicure,1,,,
1667,aicuris anti-infective cures gmbh,1,,,
1668,"viromed laboratories, inc.",1,,,
1669,"vincent martin, md",1,,,
1670,"theravalues, inc.",1,,,
1671,alios biopharma inc.,1,,,
1672,altor bioscience,1,,,
1673,"alzchem, llc",1,,,
1674,"medimetriks pharmaceuticals, inc",1,,,
1675,"ventus medical, inc.",1,,,
1676,"ventrus biosciences, inc",1,,,
1677,ventripoint diagnostics ltd.,1,,,
1678,ventria bioscience,1,,,
1679,"amderma pharmaceuticals, llc",1,,,
1680,amedica corporation,1,,,
1681,"venous health systems, inc.",1,,,
1682,"vegenat, s.a.",1,,,
1683,meditrial europe ltd.,1,,,
1684,"mast therapeutics, inc.",1,,,
1685,amgen astellas biopharma k.k.,1,,,
1686,vaxgen,1,,,
1687,veran medical technologies,1,,,
1688,altea therapeutics,1,,,
1689,alquest,1,,,
1690,veryan medical ltd.,1,,,
1691,vifor fresenius medical care renal pharma,1,,,
1692,viela bio,1,viela bio,VIE,Russell
1693,vidara therapeutics research ltd,1,,,
1694,allena pharmaceuticals,1,,,
1695,vicus therapeutics,1,,,
1696,"matrixx initiatives, inc.",1,,,
1697,allergen nce inc.,1,,,
1698,"matinas biopharma nanotechnologies, inc.",1,,,
1699,"allermed laboratories, inc.",1,,,
1700,allerquest llc,1,,,
1701,allovir,1,,,
1702,almac discovery,1,,,
1703,almedis,1,,,
1704,vernalis (r&d) ltd,1,,,
1705,aesculap implant systems,1,,,
1706,vrhealth group ltd,1,,,
1707,vsm geneesmiddelen b.v.,1,,,
1708,ward photonics llc,1,,,
1709,aboca spa societa' agricola,1,,,
1710,"aboutskin dermatology and dermsurgery, pc",1,,,
1711,mdt medical device testing gmbh,1,,,
1712,academic pediatric association,1,,,
1713,zespri international limited,1,,,
1714,zealand pharma,1,,,
1715,zansors,1,,,
1716,accenture,1,accenture,ACN,Russell
1717,access business group,1,,,
1718,"access pharmaceuticals, inc.",1,,,
1719,zambon spa,1,,,
1720,yuhan corporation,1,,,
1721,yaupon therapeutics,1,,,
1722,yasoo health,1,,,
1723,xvivo perfusion,1,,,
1724,zeugma saglik hizmetleri san. tic. ltd. sti.,1,,,
1725,"zhejiang xingyue biotechnology co., ltd.",1,,,
1726,abiogen pharma,1,biogen,BIIB,Russell
1727,medacta international sa,1,,,
1728,4pharma ltd.,1,,,
1729,"5i sciences, inc.",1,,,
1730,a. menarini industrie farmaceutiche riunite s.r.l.,1,,,
1731,a.t. resolve sarl,1,,,
1732,aaipharma,1,,,
1733,zucero pty ltd,1,,,
1734,ziopharm,1,,,
1735,ziarco pharma ltd,1,,,
1736,zinfandel pharmaceuticals inc.,1,,,
1737,"zin technologies, inc.",1,,,
1738,"zila biotechnology, inc.",1,,,
1739,abbott nutrition,1,,,
1740,abbott products,1,,,
1741,"mdvi, llc",1,,,
1742,"medhab, lc",1,,,
1743,"xiamen innovax biotech co., ltd",1,,,
1744,"xiamen amoytop biotech co., ltd.",1,,,
1745,weinberg medical physics llc,1,,,
1746,wellsense usa inc.,1,,,
1747,adienne sa,1,,,
1748,"adir, a servier group company",1,,,
1749,"wellesley pharmaceuticals, llc",1,,,
1750,"welch's, inc.",1,,,
1751,welch allyn,1,,,
1752,medical technology transfer and services hong kong ltd,1,,,
1753,wex pharmaceuticals inc.,1,wex,WEX,Russell
1754,"advanced brain monitoring, inc.",1,,,
1755,advanced breast care imaging,1,,,
1756,wavelight ag,1,,,
1757,mcguire institute,1,,,
1758,advanced research network,1,,,
1759,watkins conti products. inc.,1,,,
1760,wellstat therapeutics,1,,,
1761,acutus medical,1,,,
1762,ache laboratorios farmaceuticos s.a.,1,,,
1763,wockhardt,1,,,
1764,medical acoustics llc,1,,,
1765,"xcovery holding company, llc",1,,,
1766,"xbiotech, inc.",1,xbiotech,XBIT,Russell
1767,wright medical technology,1,,,
1768,wound vision,1,,,
1769,"wound care technologies, inc.",1,,,
1770,winston laboratories,1,,,
1771,"acute innovations, llc",1,,,
1772,winicker norimed gmbh,1,,,
1773,medical compression systems,1,,,
1774,active biotech ab,1,,,
1775,"activx biosciences, inc.",1,,,
1776,william cook australia,1,,,
1777,medical entomology centre,1,,,
1778,vaxart,1,,,
1779,vasorum ltd,1,,,
1780,amplimed corporation,1,,,
1781,ascenta therapeutics,1,,,
1782,totipotentsc scientific product pvt. ltd.,1,,,
1783,"atcor medical, inc.",1,,,
1784,"toshiba america medical systems, inc.",1,,,
1785,atlantic pharmaceuticals ltd,1,,,
1786,"atopix therapeutics, ltd.",1,,,
1787,medtronic heart valves,1,,,
1788,"toray industries, inc",1,toray,3402,Japan
1789,"topokine therapeutics, inc.",1,,,
1790,aurinia pharmaceuticals inc.,1,,,
1791,topical solutions ltd.,1,,,
1792,"mabvax therapeutics, inc.",1,,,
1793,auro vaccines llc,1,,,
1794,m.d. lederman consulting ltd,1,,,
1795,titan pharmaceuticals,1,titan,TWI,Russell
1796,tioga pharmaceuticals,1,,,
1797,"transderm, inc.",1,,,
1798,transpharma medical,1,,,
1799,asthma management systems,1,,,
1800,assurex health inc.,1,,,
1801,"ascletis pharmaceuticals co., ltd.",1,,,
1802,asphelia pharmaceuticals,1,,,
1803,"aspire bariatrics, inc.",1,,,
1804,"tunitas therapeutics, inc.",1,,,
1805,tsh biopharm corporation limited,1,,,
1806,assurex health home,1,,,
1807,"trygfonden, denmark",1,,,
1808,"tricida, inc.",1,tricida,TCDA,Russell
1809,"trs, inc.",1,,,
1810,trpharm,1,,,
1811,trod medical n.v.,1,,,
1812,"macusight, inc.",1,,,
1813,astellas pharma singapore pte. ltd.,1,,,
1814,medtronic corporate technologies and new ventures,1,,,
1815,autifony therapeutics limited,1,,,
1816,"autoimmune technologies, llc",1,,,
1817,"autonomic technologies, inc.",1,,,
1818,bard ltd,1,,,
1819,"aziyo biologics, inc.",1,,,
1820,"b. braun interventional systems, inc",1,,,
1821,"thrasos innovation, inc.",1,,,
1822,think now incorporated,1,,,
1823,b. braun medical sa,1,,,
1824,b. braun melsungen ag,1,,,
1825,"baronova, inc.",1,,,
1826,"thrombovision, inc.",1,,,
1827,barr laboratories,1,,,
1828,"barron associates, inc.",1,,,
1829,basf,1,,,
1830,seipel group pty ltd,1,,,
1831,"thermigen, llc",1,,,
1832,medtronic italia,1,,,
1833,azevan pharmaceuticals,1,,,
1834,axio research. llc,1,,,
1835,"auxilium pharmaceuticals, inc.",1,,,
1836,averion international corporation,1,,,
1837,"avacen, inc.",1,,,
1838,"timothy m. bateman, md",1,,,
1839,lyndra inc.,1,,,
1840,tigris pharmaceuticals,1,,,
1841,"tigermed consulting co., ltd",1,,,
1842,tigenix n.v.,1,,,
1843,"avexis, inc.",1,,,
1844,axio research corporation,1,,,
1845,"tibion bionics, inc.",1,,,
1846,"aviel roy-shapira, m.d.",1,,,
1847,tian medical inc.,1,,,
1848,avita medical,1,avista,AVA,Russell
1849,avraham pharmaceuticals ltd,1,,,
1850,"avvaa world healthcare products, inc.",1,,,
1851,"ascentia health, inc.",1,,,
1852,madaus inc,1,,,
1853,"analytical bio-chemistry laboratories, inc.",1,,,
1854,mako surgical corp.,1,,,
1855,us endoscopy,1,,,
1856,urovant sciences gmbh,1,,,
1857,"antigen laboratories, inc.",1,,,
1858,antisepsia central,1,,,
1859,aobiome llc,1,,,
1860,apitope international nv,1,,,
1861,apitope technology (bristol) ltd.,1,,,
1862,"apnicure, inc.",1,,,
1863,apollo health systems,1,apollo,AMEH,Russell
1864,urodynamix technologies,1,,,
1865,apple inc.,1,apple,AAPL,Russell
1866,apple medical corporation,1,apple,AAPL,Russell
1867,"maruho co., ltd.",1,,,
1868,"unity health care, inc.",1,,,
1869,apsara medical corporation,1,,,
1870,another way products,1,,,
1871,usgi medical,1,,,
1872,"anodyne therapy, llc",1,,,
1873,angioblast systems,1,,,
1874,vascutek ltd.,1,,,
1875,varian medical systems,1,varian,VAR,Russell
1876,varian medical,1,varian,VAR,Russell
1877,anecare,1,,,
1878,anergis,1,,,
1879,maruishi pharmaceutical,1,,,
1880,angiochem inc,1,,,
1881,anne lindblad,1,,,
1882,valiseek limited,1,,,
1883,angion biomedica corp,1,,,
1884,"angioscore, inc.",1,,,
1885,valeant pharmaceuticals,1,,,
1886,"val health, llc",1,,,
1887,"anika therapeutics, inc.",1,anika,ANIK,Russell
1888,unither virology,1,,,
1889,united neuroscience ltd.,1,,,
1890,united biosource corporation,1,,,
1891,"arsanis, inc.",1,,,
1892,medtentia international ltd oy,1,,,
1893,arqule,1,,,
1894,ucb italy s.p.a.,1,,,
1895,arrevus inc.,1,,,
1896,ucb celltech,1,,,
1897,manitoba institute of child health,1,,,
1898,"arstasis, inc.",1,,,
1899,ucb pharma gmbh,1,ucb,UCB,Stoxx
1900,"arthrex, inc.",1,,,
1901,artimplant ab,1,,,
1902,asahi intecc usa inc,1,,,
1903,medtronic atrial fibrillation solutions,1,,,
1904,asahi kasei pharma corporation,1,asahi kasei,3407,Japan
1905,ascend therapeutics,1,,,
1906,"arj medical, inc.",1,,,
1907,arena pharmaceuticals,1,arena,ARNA,Russell
1908,aptose biosciences inc.,1,,,
1909,arbi group srl,1,,,
1910,unigene laboratories inc.,1,,,
1911,apyx medical,1,apyx,APYX,Russell
1912,"mars, inc.",1,,,
1913,uneeg medical a/s,1,,,
1914,umanis,1,,,
1915,"araim pharmaceuticals, inc.",1,,,
1916,"medrad, inc.",1,,,
1917,ucb pharma inc. (us),1,,,
1918,arbor vita corporation,1,,,
1919,arch therapuetics,1,,,
1920,archigen biotech limited,1,,,
1921,archivel farma s.l.,1,,,
1922,arcion therapeutics inc,1,,,
1923,"ucb pharma sa, belgium",1,,,
1924,contura,1,contura,CTRA,Russell
1925,"scpharmaceuticals, inc.",1,,,
1926,"convergent engineering, inc.",1,,,
1927,otto bock france snc,1,,,
1928,"ortho biotech products, l.p.",1,,,
1929,heart metabolics limited,1,,,
1930,"heartflow, inc.",1,,,
1931,origio a/s,1,,,
1932,heilongjiang feihe dairy co. ltd.,1,,,
1933,"orient europharma co., ltd.",1,,,
1934,oriel therapeutics,1,,,
1935,"oregon center for applied science, inc.",1,,,
1936,kbp biosciences,1,,,
1937,hero institute for infant nutrition,1,,,
1938,"oraya therapeutics, inc.",1,,,
1939,optovue,1,,,
1940,"optmed, inc.",1,,,
1941,"optimum therapeutics, llc",1,,,
1942,optima integrated health,1,,,
1943,health dialog,1,,,
1944,hayat pharmaceutical co. plc,1,,,
1945,"ortho-mcneil neurologics, inc.",1,,,
1946,"hallux, inc.",1,,,
1947,gynesonics,1,,,
1948,oticon medical,1,,,
1949,othera pharmaceuticals,1,,,
1950,"haelan products, inc.",1,,,
1951,"osteotech, inc",1,,,
1952,hal allergy,1,,,
1953,kci europe holding b.v.,1,,,
1954,ortho-mcneil pharmaceutical,1,,,
1955,"osel, inc.",1,,,
1956,hamad medical corporation,1,,,
1957,"orthotic holdings, inc.",1,,,
1958,orthofix inc.,1,orthofix,OFIX,Russell
1959,"ortho-mcneil, inc.",1,,,
1960,hansen medical,1,,,
1961,hofseth biocare asa,1,,,
1962,"katena products, inc.",1,,,
1963,"opexa therapeutics, inc.",1,,,
1964,ohio willow wood,1,,,
1965,"hygieia, inc",1,,,
1966,"hyperbranch medical technology, inc",1,,,
1967,monica healthcare ltd,1,sonic healthcare,SHL,Australia
1968,karen l atkins,1,,,
1969,i3 research,1,,,
1970,kanisa pharmaceuticals,1,,,
1971,ic-medtech corporation,1,,,
1972,omicron pharmaceuticals,1,,,
1973,"icad, inc.",1,,,
1974,icn pharmaceuticals,1,,,
1975,ico therapeutics inc.,1,,,
1976,od-os gmbh,1,,,
1977,"oculus innovative sciences, inc.",1,,,
1978,ocugen,1,,,
1979,omegad llc,1,,,
1980,humax pharmaceutical,1,,,
1981,openbiome,1,,,
1982,"hoya surgical optics, inc.",1,,,
1983,"mondelēz international, inc.",1,,,
1984,"onconova therapeutics, inc.",1,,,
1985,oncolytics biotech,1,,,
1986,"oncolix, inc.",1,,,
1987,"oncoimmune, inc.",1,,,
1988,hospitech respiration,1,,,
1989,onbone oy,1,,,
1990,humann,1,,,
1991,hua medicine limited,1,,,
1992,"omthera pharmaceuticals, inc",1,,,
1993,omrix biopharmaceuticals,1,,,
1994,"humana, inc",1,humana,HUM,Russell
1995,humanetics corporation,1,,,
1996,omnifarma kiev llc,1,,,
1997,"moleculin, llc",1,,,
1998,kdl inc.,1,,,
1999,pharmenterprises llc,1,,,
2000,otto bock healthcare products gmbh,1,,,
2001,pharma nord,1,,,
2002,miromatrix medical inc.,1,,,
2003,pharm-olam international,1,,,
2004,general mills inc.,1,general mills,GIS,Russell
2005,pfm s.r.l.,1,,,
2006,pfm medical ag,1,,,
2007,genetic immunity,1,,,
2008,genfit,1,,,
2009,kinemed,1,,,
2010,geno llc,1,,,
2011,"genocea biosciences, inc.",1,,,
2012,peregrine pharmaceuticals,1,,,
2013,mlinotest zivilska industrija d.d.,1,,,
2014,kimberly-clark corporation,1,kimberly clark,KMB,Russell
2015,pentax medical,1,,,
2016,genelex corporation,1,,,
2017,pharmabio development inc.,1,,,
2018,gemin x,1,,,
2019,pharmasset,1,,,
2020,pharmaxis,1,,,
2021,galsor s.r.l.,1,,,
2022,miramar labs,1,,,
2023,"gambro uf solutions, inc.",1,,,
2024,pharmatech,1,,,
2025,mirati therapeutics inc.,1,mirati,MRTX,Russell
2026,"garnet biotherapeutics, inc.",1,,,
2027,gem pharmaceuticals,1,,,
2028,"gaymar industries, inc.",1,,,
2029,"gb002, inc., a wholly owned subsidiary of gossamer bio, inc.",1,,,
2030,pharmacyclics switzerland gmbh,1,,,
2031,kinetic muscles,1,,,
2032,pharmabiotix inc,1,,,
2033,"gelesis, inc.",1,,,
2034,george clinical pty ltd,1,,,
2035,geropharm,1,,,
2036,gesellschaft für therapieforschung mbh,1,,,
2037,kensey nash corporation,1,,,
2038,grape king bio ltd.,1,,,
2039,"kerastem technologies, llc",1,,,
2040,pangenetics uk limited,1,,,
2041,"pamlab, l.l.c.",1,,,
2042,"palomar medical technologies, inc.",1,palomar,PLMR,Russell
2043,"palo alto health sciences, inc.",1,,,
2044,"pacira cryotech, inc., a wholly owned subsidiary of pacira biosciences, inc.",1,,,
2045,"parapatch, inc",1,,,
2046,oxthera,1,,,
2047,"grünenthal, s.a.",1,,,
2048,gsk vaccines institute for global health s.r.l.,1,,,
2049,"owlet baby care, inc.",1,,,
2050,ovid therapeutics inc.,1,,,
2051,ovesco endoscopy ag,1,,,
2052,"keryx / aoi pharmaceuticals, inc.",1,,,
2053,gp-pharm,1,,,
2054,"mochida pharmaceutical company, ltd.",1,,,
2055,patientmpower ltd.,1,,,
2056,"gi stimulation, inc.",1,,,
2057,gi view ltd.,1,,,
2058,gicare pharma inc.,1,,,
2059,"pegus research, inc.",1,,,
2060,pearson/clinical assessment,1,,,
2061,"pdl biopharma, inc.",1,pdl biopharma,PDLI,Russell
2062,pathway medical technologies inc.,1,,,
2063,moleculight inc.,1,,,
2064,global blood therapeutics,1,global blood,GBT,Russell
2065,"global isotopes, llc d/b/a zevacor molecular",1,,,
2066,"patholase, inc.",1,,,
2067,parker hannifin corporation,1,parkerhannifin,PH,Russell
2068,parke-davis,1,,,
2069,"glytech, inc",1,,,
2070,ocon medical ltd.,1,,,
2071,ideo,1,,,
2072,ocera therapeutics,1,,,
2073,"ocean spray cranberries, inc.",1,,,
2074,isarna therapeutics gmbh,1,,,
2075,"mtrap, inc.",1,,,
2076,"isomark, llc",1,,,
2077,"iss, inc.",1,iss,ISS,Stoxx
2078,"ist gmbh, germany",1,,,
2079,"istari oncology, inc.",1,,,
2080,"isu abxis co., ltd.",1,,,
2081,"neurosigma, inc.",1,,,
2082,"itamar-medical, israel",1,,,
2083,"iterum therapeutics, international limited",1,,,
2084,neuronix ltd,1,,,
2085,"neurometrix, inc.",1,,,
2086,neurohealing pharmaceuticals inc.,1,,,
2087,neurogesx,1,,,
2088,"neurocentria, inc.",1,,,
2089,irrimax corporation,1,,,
2090,"new jersey regenerative institute, llc",1,,,
2091,new river pharmaceuticals,1,,,
2092,invitrox,1,,,
2093,"intromedic co., ltd.",1,,,
2094,intuitive surgical,1,intuitive surgical,ISRG,Russell
2095,nexstim ltd,1,,,
2096,invado pharmaceuticals llc,1,,,
2097,nexan inc,1,,,
2098,inviragen inc.,1,,,
2099,invivo therapeutics,1,,,
2100,"ir technology, llc",1,,,
2101,ion channel innovations,1,,,
2102,newron pharmaceuticals spa,1,,,
2103,"iovance biotherapeutics, inc.",1,iovance biotherapeutics,IOVA,Russell
2104,iperboreal pharma srl,1,,,
2105,newlink genetics corporation,1,,,
2106,iqvia pty ltd,1,,,
2107,mucosal therapeutics,1,,,
2108,"neurelis, inc.",1,,,
2109,mundipharma oy,1,,,
2110,"jdp therapeutics, inc.",1,,,
2111,nanopass technologies ltd,1,,,
2112,"nanology, llc",1,,,
2113,mylan laboratories,1,,,
2114,"myriad therapeutics, inc.",1,,,
2115,janssen-ortho llc,1,,,
2116,"jcyte, inc",1,,,
2117,jennerex biotherapeutics,1,,,
2118,"nanospectra biosciences, inc.",1,,,
2119,jennifer streza,1,,,
2120,jerini ag,1,,,
2121,"jiangsu hengrui medicine co., ltd.",1,,,
2122,"jiangsu kanion pharmaceutical co., ltd",1,,,
2123,jn-international medical corporation,1,,,
2124,"john, george, m.d.",1,,,
2125,nanoshift llc,1,,,
2126,"nantcell, inc.",1,,,
2127,neuravi inc.,1,,,
2128,mundipharma research gmbh & co kg,1,,,
2129,neuralieve,1,,,
2130,janssen cilag n.v./s.a.,1,,,
2131,janssen inc.,1,,,
2132,nephron pharmaceuticals corporation,1,,,
2133,mundipharma pharmaceuticals sdn. bhd.,1,,,
2134,neosurgical limited,1,,,
2135,"neos therapeutics, inc",1,,,
2136,"natera, inc.",1,natera,NTRA,Russell
2137,"neogenix, llc dba ogenix",1,,,
2138,johnson & johnson medical companies,1,,,
2139,mylan bertek pharmaceuticals,1,,,
2140,"ndi medical, llc",1,,,
2141,naviscan pet systems,1,,,
2142,"natreon, inc.",1,,,
2143,intrapump infusion systems,1,,,
2144,"nicox ophthalmics, inc.",1,,,
2145,"juno therapeutics, inc.",1,,,
2146,ntc srl,1,,,
2147,incentahealth,1,,,
2148,"incline therapeutics, inc.",1,,,
2149,"nueva vida, inc.",1,,,
2150,nu skin enterprises,1,nu skin enterprises,NUS,Russell
2151,index pharmaceuticals,1,,,
2152,"ntk enterprises, inc.",1,,,
2153,"infinity pharmaceuticals, inc.",1,,,
2154,imsmed incorporated,1,,,
2155,"inflexxion, inc.",1,,,
2156,"nsa, llc",1,,,
2157,"infrascan, inc.",1,,,
2158,inion oy,1,,,
2159,injeq ltd,1,,,
2160,nowarta biopharma inc,1,,,
2161,"nutech medical, inc",1,,,
2162,"imprimis pharmaceuticals, inc.",1,,,
2163,innocoll,1,,,
2164,nycomed germany gmbh,1,,,
2165,igy inc.,1,,,
2166,"obalon therapeutics, inc.",1,,,
2167,"illuminoss medical, inc.",1,,,
2168,image technologies inc.,1,,,
2169,imbiotechnologies ltd.,1,,,
2170,immodulon therapeutics ltd,1,,,
2171,"nuvo-group, ltd.",1,,,
2172,"nutramax laboratories, inc.",1,,,
2173,kaneka pharma america llc,1,,,
2174,nuvasive,1,nuvasive,NUVA,Russell
2175,immupharma,1,,,
2176,nutrition science partners limited,1,,,
2177,"impaq international, llc.",1,,,
2178,"nutricia, inc.",1,,,
2179,innervo technology llc,1,,,
2180,innogene kalbiotech pte. ltd,1,,,
2181,"interhealth nutraceuticals, inc.",1,,,
2182,integrated medical development,1,,,
2183,nono inc.,1,,,
2184,intact vascular,1,,,
2185,monte verde sa,1,,,
2186,nobel pharmaceuticals,1,,,
2187,"noah rosenberg, md",1,,,
2188,integral orthopedics inc.,1,,,
2189,nitric solutions inc.,1,,,
2190,northsea therapeutics b.v.,1,,,
2191,jw pharmaceutical,1,,,
2192,"intekrin therapeutics, inc.",1,,,
2193,"intelligent automation, inc.",1,,,
2194,"interaxon, inc.",1,,,
2195,"nippon shinyaku co., ltd.",1,nippon shinyaku,4516,Japan
2196,"juvent, inc",1,,,
2197,north china pharmaceutical group corporation,1,,,
2198,notal vision ltd,1,,,
2199,innomed healthscience inc.,1,,,
2200,inoveon corporation,1,,,
2201,innoture ltd,1,,,
2202,monitorcro,1,,,
2203,"innovative clinical research, inc.",1,,,
2204,novotech (australia) pty limited,1,,,
2205,novogi,1,,,
2206,inotek pharmaceuticals corporation,1,,,
2207,"novmetapharma co., ltd.",1,,,
2208,monosol rx,1,,,
2209,"novel anti-infective technologies, llc",1,,,
2210,novate medical,1,,,
2211,"kala pharmaceuticals, inc.",1,kala,KALA,Russell
2212,"inspire medical systems, inc.",1,inspire,INSP,Russell
2213,institut pasteur,1,,,
2214,novaliq gmbh,1,,,
2215,"pharmbio korea co., ltd.",1,,,
2216,phcc lp,1,,,
2217,second sight medical products,1,,,
2218,danisco,1,,,
2219,reprotect inc,1,,,
2220,"depuy, inc.",1,,,
2221,reprixys pharmaceutical corporation,1,,,
2222,repolar ltd.,1,,,
2223,replicor inc.,1,,,
2224,"renovia, inc.",1,,,
2225,"renibus therapuetics, inc.",1,,,
2226,renew medical,1,,,
2227,laboratoire innotech international,1,,,
2228,dey,1,,,
2229,"dfb soria, llc",1,,,
2230,"dgd research, inc.",1,,,
2231,"remedy pharmaceuticals, inc.",1,,,
2232,diamyd medical ab,1,,,
2233,"dicerna pharmaceuticals, inc.",1,dicerna,DRNA,Russell
2234,"repurposed therapeutics, inc.",1,,,
2235,laboratoires mayoly spindler,1,,,
2236,respirerx,1,,,
2237,dbv technologies,1,,,
2238,"rinovum women's health, inc.",1,,,
2239,"rhodes pharmaceuticals, l.p.",1,,,
2240,"rf surgical systems, inc.",1,,,
2241,david van sickle,1,,,
2242,davita clinical research,1,,,
2243,"laboratories leon farma, s.a.",1,,,
2244,rex bionics plc,1,,,
2245,"respironics, california, inc.",1,,,
2246,reviva pharmaceuticals,1,,,
2247,"deka medical, inc.",1,,,
2248,deltanoid pharmaceuticals,1,,,
2249,medac gmbh,1,,,
2250,"restoration robotics, inc.",1,,,
2251,restech srl,1,,,
2252,diffusion pharmaceuticals inc,1,,,
2253,digital cognition technologies,1,,,
2254,"relievant medsystems, inc.",1,,,
2255,dune medical devices,1,,,
2256,dr. paul f. gratzer,1,,,
2257,recordati rare diseases,1,,,
2258,"draeger medical, inc",1,,,
2259,dsm ltd,1,,,
2260,reciprocal labs,1,,,
2261,duchesnay inc.,1,,,
2262,microbio co ltd,1,,,
2263,dr. joseph griffin,1,,,
2264,reading scientific services ltd.,1,,,
2265,raziel therapeutics ltd.,1,,,
2266,dyax corp.,1,,,
2267,"dynasplint systems, inc.",1,,,
2268,microport crm,1,,,
2269,rapid pathogen screening,1,,,
2270,dr. loges & co. gmbh,1,,,
2271,la jolla pharmaceutical company,1,la jolla,LJPC,Russell
2272,dimension research,1,,,
2273,labo'life,1,,,
2274,"reliant technologies, inc. mountain view, ca",1,,,
2275,discovery health,1,discover,DFS,Russell
2276,metabolic solutions inc.,1,,,
2277,rehab-robotics company limited,1,,,
2278,metriopharm ag,1,,,
2279,regenera pharma ltd,1,,,
2280,"dong-a pharmaceutical co., ltd.",1,,,
2281,dr. august wolff gmbh & co. kg arzneimittel,1,,,
2282,"dong-a st co., ltd.",1,,,
2283,donjoy orthotics,1,,,
2284,dorsavi ltd,1,,,
2285,"reflexion health, inc.",1,,,
2286,"dp clinical, inc.",1,,,
2287,"dpt laboratories, ltd.",1,,,
2288,"danone asia pacific holdings pte, ltd.",1,,,
2289,dainippon sumitomo pharma america,1,,,
2290,philips electronics nederland b.v. acting through philips cto organization,1,,,
2291,"merrion pharmaceuticals, llc",1,,,
2292,labtec gmbh,1,,,
2293,correvio international sarl,1,,,
2294,labstyle innovations ltd.,1,,,
2295,cosmeta,1,,,
2296,sarah cannon,1,,,
2297,"sapheon, inc.",1,,,
2298,"sanuwave, inc.",1,,,
2299,santen oy,1,,,
2300,cpex pharmaceuticals inc.,1,,,
2301,credit valley eyecare,1,,,
2302,cropper medical,1,,,
2303,crospon,1,,,
2304,sanol gmbh,1,,,
2305,sankyo pharma gmbh,1,sankyo,6417,Japan
2306,"cryolife, inc.",1,cryolife,CRY,Russell
2307,cornerstone therapeutics inc.,1,,,
2308,"cormatrix cardiovascular, inc.",1,,,
2309,corixa corporation,1,,,
2310,coopersurgical inc.,1,,,
2311,cook endoscopy,1,,,
2312,lafrancol s.a.,1,,,
2313,"scynexis, inc.",1,,,
2314,cook japan incorporated,1,,,
2315,"myokardia, inc.",1,myokardia,MYOK,Russell
2316,"scolr pharma, inc.",1,,,
2317,sciton,1,,,
2318,"sbi pharmaceuticals co, ltd.",1,,,
2319,scipharm sàrl,1,,,
2320,scion neurostim,1,,,
2321,scientific intake limited co.,1,,,
2322,"corestem, inc.",1,,,
2323,sciencebased health,1,,,
2324,scandinavian biopharma ab,1,,,
2325,cryopraxis criobiologia ltda.,1,,,
2326,"cryothermic systems, inc.",1,,,
2327,sandstone diagnostics,1,,,
2328,cytos biotechnology ag,1,,,
2329,cytacoat ab,1,,,
2330,laboratorios andromaco s.a.,1,,,
2331,"rox medical, inc.",1,,,
2332,rovi pharmaceuticals laboratories,1,,,
2333,"cytopharm, inc.",1,,,
2334,"cytopherx, inc",1,,,
2335,"cytosorbents, inc",1,cytosorbents,CTSO,Russell
2336,"cymabay therapeutics, inc.",1,cymabay,CBAY,Russell
2337,cytovac a/s,1,,,
2338,da volterra,1,,,
2339,daewoong pharmaceutical co. ltd.,1,,,
2340,routin sa,1,,,
2341,roche diagnostics,1,,,
2342,daiichi sankyo taiwan ltd.,1,,,
2343,"laboratorios del dr. esteve, s.a.",1,,,
2344,cyclomedica australia pty limited,1,,,
2345,sanaria inc.,1,,,
2346,"curis, inc.",1,,,
2347,"cti-1, llc",1,,,
2348,"meritage pharma, inc.",1,meritage,MTH,Russell
2349,"saladax biomedical, inc.",1,,,
2350,cupola medical ltd,1,,,
2351,merlion pharmaceuticals gmbh,1,,,
2352,curevac ag,1,,,
2353,rxfunction inc.,1,,,
2354,rs medical,1,,,
2355,rvw clinical consulting,1,,,
2356,cv therapeutics,1,,,
2357,"cvrx, inc.",1,,,
2358,cyberderm inc.,1,,,
2359,"rules-based medicine, inc.",1,,,
2360,"cyclacel pharmaceuticals, inc.",1,,,
2361,rainier therapeutics,1,,,
2362,"ea pharma co., ltd.",1,,,
2363,"eagle pharmaceuticals, inc.",1,eagle,EGBN,Russell
2364,"eagle pharmaceuticals, inc.",1,eagle,EGRX,Russell
2365,"kyowa hakko kogyo co., ltd.",1,,,
2366,eyetech pharmaceuticals,1,,,
2367,f2g ltd.,1,,,
2368,"facial concepts, inc.",1,,,
2369,fallon clinic,1,,,
2370,farmos oy,1,,,
2371,faron pharmaceuticals ltd,1,,,
2372,fast biomedical,1,,,
2373,polaris group,1,polaris,PII,Russell
2374,"fenwal, inc.",1,,,
2375,"ferndale laboratories, inc.",1,,,
2376,"podimetrics, inc.",1,,,
2377,ferring arzneimittel gmbh,1,,,
2378,"pnp therapeutics, inc.",1,,,
2379,fertilitech inc.,1,,,
2380,pnn medical a/s,1,,,
2381,"eyeon therapeutics, inc.",1,,,
2382,"eyemarker systems, inc",1,,,
2383,"eyegate pharmaceuticals, inc.",1,,,
2384,"konan medical, inc.",1,,,
2385,"europharma, inc.",1,,,
2386,evangelisches krankenhaus lutherhaus ggmbh,1,,,
2387,korea otsuka international asia arab,1,,,
2388,preventice,1,,,
2389,"pressure profile systems, inc.",1,,,
2390,prescient surgical,1,,,
2391,precision life sciences group,1,,,
2392,eyefree assisting communication ltd,1,,,
2393,"preceptis medical, inc.",1,,,
2394,examination management services inc.,1,,,
2395,pom wonderful llc,1,,,
2396,polichem s.a.,1,,,
2397,exthera medical corporation,1,,,
2398,eye care and cure,1,,,
2399,mills da,1,,,
2400,pluristem ltd.,1,,,
2401,finnsusp ltd.,1,,,
2402,phytoceutica,1,,,
2403,foxhollow technologies,1,,,
2404,"fraunhofer, center for molecular biotechnology",1,,,
2405,fresca medical,1,,,
2406,pierre fabre dermatology,1,,,
2407,"piedmont pharmaceuticals, llc",1,,,
2408,"kjt group, inc.",1,,,
2409,"mindframe, inc.",1,,,
2410,pierre fabre laboratories,1,,,
2411,"photopharmics, inc.",1,,,
2412,phosphate therapeutics,1,,,
2413,"phonak ag, switzerland",1,,,
2414,futura medical developments ltd.,1,,,
2415,gaba international ag,1,,,
2416,"mirabilis medica, inc.",1,,,
2417,foundation medicine,1,,,
2418,pinnacle biologics inc.,1,,,
2419,finox ag,1,,,
2420,foamix ltd.,1,,,
2421,plethora solutions ltd,1,,,
2422,"five prime therapeutics, inc.",1,five prime,FPRX,Russell
2423,fkd therapies oy,1,,,
2424,"miltenyi biotec, inc.",1,,,
2425,"flowmedica, inc.",1,,,
2426,flowonix medical,1,,,
2427,fontem ventures bv,1,,,
2428,piramal enterprises limited,1,,,
2429,fonterra research centre,1,,,
2430,"foot levelers, inc.",1,,,
2431,"pixel velocity, inc. / epsilon imaging",1,,,
2432,pivotal s.l.,1,,,
2433,piramal imaging limited,1,,,
2434,piramal healthcare canada ltd,1,,,
2435,eurolens research,1,,,
2436,eurocine vaccines ab,1,,,
2437,pro top & mediking company limited,1,,,
2438,"puricore, inc.",1,,,
2439,q2 solutions,1,,,
2440,"electrical geodesics, inc.",1,,,
2441,q-pharm pty limited,1,,,
2442,"electronic waveform lab, inc.",1,,,
2443,kremers urban development company,1,,,
2444,"eleos, inc.",1,,,
2445,pulsion medical systems,1,,,
2446,el. en. spa,1,,,
2447,elminda ltd,1,,,
2448,embil pharmaceutical co. ltd,1,,,
2449,pulsar vascular,1,,,
2450,emd serono canada inc.,1,,,
2451,pulmonx international sàrl,1,,,
2452,"microvention, inc.",1,,,
2453,"qiagen gaithersburg, inc",1,,,
2454,"qidong gaitianli medicines co., ltd",1,,,
2455,"emmaus medical, inc.",1,,,
2456,ra medical systems,1,ra,RARX,Russell
2457,ebs technologies gmbh,1,,,
2458,echosens,1,,,
2459,"econometrica, inc.",1,,,
2460,radiancy,1,,,
2461,microport orthopedics inc.,1,,,
2462,"edgemont pharmaceuticals, llc",1,,,
2463,effice servicios para la investigacion s.l.,1,,,
2464,"qingdao shengbang pharmaceutical co., ltd.",1,,,
2465,"r&g pharma studies co.,ltd.",1,,,
2466,quest diagnostics,1,quest diagnostics,DGX,Russell
2467,"kyorin pharmaceutical co.,ltd",1,,,
2468,que oncology,1,,,
2469,"zyppah, inc.",1,,,
2470,microsoft corporation,1,microsoft,MSFT,Russell
2471,pulmokine inc.,1,,,
2472,emoted,1,,,
2473,profil institut für stoffwechselforschung gmbh,1,,,
2474,"korea ucb co., ltd.",1,,,
2475,epic imaging,1,,,
2476,protalix,1,,,
2477,"epiep, inc.",1,,,
2478,epiphany biosciences,1,,,
2479,protaffin biotechnologie ag,1,,,
2480,erytech pharma,1,,,
2481,esight corporation,1,,,
2482,kos pharmaceuticals,1,,,
2483,proqr therapeutics,1,,,
2484,midwest fertility specialists,1,,,
2485,essity hygiene and health ab,1,,,
2486,"promentis pharmaceuticals, inc.",1,,,
2487,etherna immunotherapies,1,,,
2488,proinnovera gmbh,1,,,
2489,"protechsure scientific, inc.",1,,,
2490,"proteonomix, inc.",1,,,
2491,ems,1,,,
2492,psivida limited,1,,,
2493,pulmocide ltd,1,,,
2494,"encore vision, inc.",1,,,
2495,encorium,1,,,
2496,pulmatrix inc.,1,,,
2497,endoaid,1,,,
2498,"endocare, inc.",1,,,
2499,endogastric solutions,1,,,
2500,"proteus digital health, inc.",1,,,
2501,endosense,1,,,
2502,entasis therapeutics,1,,,
2503,provectus pharmaceuticals,1,,,
2504,"entrinsic health solutions, inc.",1,,,
2505,envisia therapeutics,1,,,
2506,envoy medical corporation,1,,,
2507,"retrophin, inc.",1,retrophin,RTRX,Russell
